folder,ra_deg,dec_deg,gmag
TRES-1,286.00376593096246,36.66570141298247,7.745397090911865
TRES-1,286.3534658820316,36.94084227289313,8.338348388671875
TRES-1,285.93562132418634,36.14216454516548,8.671137809753418
TRES-1,286.35970058363415,36.92407075109523,9.098782539367676
TRES-1,285.84045729566174,36.412870695991714,9.282015800476074
TRES-1,286.0996510733694,36.703776544498005,9.30109977722168
TRES-1,286.36249723685006,37.025986648479375,9.393753051757812
TRES-1,286.26324831302054,36.195681720361804,9.40652084350586
TRES-1,285.9204329471645,36.9079913659642,9.482115745544434
TRES-1,285.89569400774684,37.08328862792329,9.787920951843262
TRES-1,286.2887525761898,36.17595388661695,9.888687133789062
TRES-1,286.1017014783444,37.124166452995226,9.889974594116211
TRES-1,286.5264410549502,36.561837267525405,9.980938911437988
TRES-1,285.84934657026673,36.47612771078882,10.132506370544434
TRES-1,285.619684770584,36.73922982262623,10.189408302307129
TRES-1,286.42542295401375,37.04376389421855,10.324443817138672
TRES-1,285.92262709646354,36.91694068872028,10.371574401855469
TRES-1,286.0355026722302,36.1755579473588,10.409706115722656
TRES-1,286.27421964420324,36.711405169546914,10.413744926452637
TRES-1,286.38287794613325,37.024438481521734,10.423653602600098
TRES-1,286.3767549254136,36.74988433914261,10.432676315307617
TRES-1,285.5216521801031,36.85978897004629,10.437560081481934
TRES-1,285.8557860474231,36.77080790191206,10.48422908782959
TRES-1,286.671886248441,36.70923144418581,10.484929084777832
TRES-1,286.0854635630483,36.29267579990154,10.574835777282715
TRES-1,286.4526538817142,36.69371116614068,10.642791748046875
TRES-1,286.52854877376166,36.37382208601504,10.66072940826416
TRES-1,286.2042421343188,36.91443931452231,10.669615745544434
TRES-1,286.28913449092306,36.63562631159682,10.711502075195312
TRES-1,285.672419677661,36.770194782581534,10.724539756774902
TRES-1,285.51808151609356,36.66312326705142,10.792387962341309
TRES-1,285.40295166950216,36.822103558765264,10.797886848449707
TRES-1,285.9139417216829,36.6237875673775,10.808095932006836
TRES-1,286.31785409767497,37.07251087283748,10.829936981201172
TRES-1,286.70777069123267,36.70488131515918,10.84941577911377
TRES-1,285.71337723629824,36.16378261050033,10.87889289855957
TRES-1,285.88246331572293,36.82510973262445,10.900635719299316
TRES-1,285.7293654976741,36.37353699784247,10.916632652282715
TRES-1,286.09238598959985,36.694934982072816,10.948012351989746
TRES-1,285.6108791134156,36.610326091798925,10.953312873840332
TRES-1,285.9176637009564,37.04306094287395,10.958505630493164
TRES-1,286.55798044399376,36.34574421743741,10.961148262023926
TRES-1,285.8979408137069,36.919666861492644,10.979857444763184
TRES-1,285.96608435232383,36.98393867367014,10.98448657989502
TRES-1,286.083565098708,36.16254920836981,10.988911628723145
TRES-1,286.40884454237016,36.93897353325266,10.99101734161377
TRES-1,285.8729909985513,36.81045136117914,11.024069786071777
TRES-1,286.1809896764583,36.83992826235145,11.026199340820312
TRES-1,286.131115482108,36.65574967891832,11.03046989440918
TRES-1,285.6959739516425,36.31468531396816,11.036744117736816
TRES-1,285.86324836839935,36.26718631082376,11.08266544342041
TRES-1,285.74799038678486,36.27586539385162,11.083796501159668
TRES-1,285.8967955124803,36.67355813630555,11.114762306213379
TRES-1,285.8843329743916,36.56180428342364,11.141911506652832
TRES-1,286.1128999742757,36.14367832298436,11.164557456970215
TRES-1,285.6130041546328,36.722077079726134,11.169748306274414
TRES-1,286.44725997583896,36.93474819029178,11.174221992492676
TRES-1,285.9929241599911,36.45436295451328,11.175077438354492
TRES-1,286.05833227632144,36.2079774999868,11.183913230895996
TRES-1,285.7295807862049,36.2846813731028,11.204811096191406
TRES-1,286.0893116760285,36.294607314447745,11.23963737487793
TRES-1,286.0440371135512,36.64461627882437,11.270173072814941
TRES-1,286.3887786649865,36.56587036339938,11.275694847106934
TRES-1,286.23725698278474,36.67665022145533,11.283049583435059
TRES-1,285.9846803559929,36.99355551440248,11.296709060668945
TRES-1,285.8653918580587,36.398831516055616,11.299030303955078
TRES-1,285.6272810772372,36.42847188601321,11.315258979797363
TRES-1,285.97517171667096,36.498367455701995,11.330491065979004
TRES-1,285.6231564829624,36.284207854951276,11.34494686126709
TRES-1,285.52886784858407,36.79924452008826,11.346699714660645
TRES-1,286.13887023038393,36.20319822621266,11.35678768157959
TRES-1,285.73800076651355,36.98462639908137,11.37298583984375
TRES-1,286.1250365401246,36.97734040966411,11.396084785461426
TRES-1,286.47824217131387,36.949469405302246,11.397960662841797
TRES-1,286.03303694078613,36.66986358325714,11.410948753356934
TRES-1,286.34605378887994,36.280893435855546,11.439879417419434
TRES-1,285.8786424619953,36.520552198358914,11.475034713745117
TRES-1,286.42249522038463,36.81711802887436,11.475308418273926
TRES-1,286.18314049558677,36.43681476697664,11.478673934936523
TRES-1,286.330165715122,37.00270586753967,11.517335891723633
TRES-3,267.7295411340321,37.70432686633132,7.987328052520752
TRES-3,267.5166323595919,37.29336736041459,8.276556015014648
TRES-3,268.23866874220295,37.58381345757196,8.597716331481934
TRES-3,268.2186328863513,37.69695931555013,8.69510269165039
TRES-3,268.1834516313715,37.28624545148572,8.979111671447754
TRES-3,268.18883894945833,37.21341715690294,9.37371826171875
TRES-3,268.3191376845887,37.28487121410332,9.42231273651123
TRES-3,267.53059504100736,37.494711919877936,9.439804077148438
TRES-3,268.5470996403414,37.5014825491105,9.473674774169922
TRES-3,268.2555963644969,37.05417146415828,9.58495044708252
TRES-3,268.4386246104676,37.91621764912021,9.593413352966309
TRES-3,267.76825448242363,37.157021064528394,9.671588897705078
TRES-3,267.83638791000095,37.525022754753664,9.747987747192383
TRES-3,267.7641854010998,37.26967379231553,9.918858528137207
TRES-3,267.51205854564967,37.75473756842681,9.922679901123047
TRES-3,268.1859033165131,37.39276594362703,10.11085033416748
TRES-3,267.49307963966,37.52111392460149,10.11184024810791
TRES-3,267.9427602149485,37.239723332870504,10.169429779052734
TRES-3,268.41213379050026,37.935996222382535,10.196728706359863
TRES-3,268.39155365982367,37.41173410167273,10.219402313232422
TRES-3,268.6444838656776,37.47965898847034,10.450342178344727
TRES-3,267.5891829324133,37.23819951660677,10.608314514160156
TRES-3,267.7528936236212,37.08090695379158,10.61723518371582
TRES-3,267.6516618272372,37.70345161616307,10.737953186035156
TRES-3,268.1592992465973,37.775410691635024,10.86070728302002
TRES-3,268.34241991823484,37.05665980487197,10.89897346496582
TRES-3,268.1560295695739,37.42411113406724,10.930268287658691
TRES-3,267.44525530084866,37.421782985663036,10.940673828125
TRES-3,267.48539735804536,37.499919976919195,10.941468238830566
TRES-3,268.08698137868,37.85576973656321,10.998964309692383
TRES-3,268.2630499913655,37.93446140178275,11.045199394226074
TRES-3,268.5742496458109,37.721307133570406,11.05916976928711
TRES-3,267.49098725322864,37.620538666283394,11.179512977600098
TRES-3,267.5550316674207,37.40746595177232,11.200200080871582
TRES-3,267.65084013564945,37.70362777449487,11.229820251464844
TRES-3,267.659767259787,37.420465237639704,11.279816627502441
TRES-3,268.5741469180207,37.64046582006403,11.288556098937988
TRES-3,267.8151726492616,37.598285830004244,11.304891586303711
TRES-3,267.87135605688655,37.418722371861286,11.320452690124512
TRES-3,268.2336151020462,37.611294569380036,11.324188232421875
TRES-3,267.88939514856264,37.974483400224905,11.336382865905762
TRES-3,267.8349084546261,37.317590058530634,11.372596740722656
TRES-3,267.83608935346587,37.32275377588679,11.393917083740234
TRES-3,267.7591819451481,38.04906956095812,11.436301231384277
TRES-3,268.4890048055868,37.216856114097084,11.438218116760254
TRES-3,268.30433503422995,37.21173673367706,11.469913482666016
TRES-3,268.25418283864514,37.716963724484266,11.477269172668457
TRES-3,268.2393709926909,37.36132020467004,11.482199668884277
TRES-3,268.2924414551681,37.3269253687834,11.482709884643555
TRES-3,268.1150946088126,37.712422267260024,11.520998001098633
TRES-3,268.1049871101677,37.572785336607105,11.556636810302734
TRES-3,267.99632805619166,37.86677131371192,11.641371726989746
TRES-3,267.47409410208695,37.70007818174629,11.671173095703125
TRES-3,268.4685507643567,37.58645292990769,11.768960952758789
TRES-3,268.18950612771243,37.946505651620534,11.793787002563477
TRES-3,267.6893691984113,37.81672319486897,11.81638240814209
TRES-3,268.3085180333561,37.27684989198616,11.885624885559082
TRES-3,267.5058950692662,37.45788866801325,11.902070999145508
TRES-3,268.4464342122612,37.359943363081,11.929439544677734
TRES-3,267.3471997130451,37.50289397584862,11.95218276977539
TRES-3,268.1305165316476,37.38620280574386,11.961220741271973
TRES-3,268.29300256129284,37.5633686803063,12.04768180847168
TRES-3,267.9237227377448,37.36373173545335,12.094537734985352
TRES-3,267.9270122134888,37.590149802831846,12.099832534790039
TRES-3,267.6374167828801,37.12550114726051,12.112911224365234
TRES-3,268.1959803909549,37.55444585595297,12.114279747009277
TRES-3,267.5714361811103,37.68518202159181,12.116884231567383
TRES-3,267.79544990878526,37.29484128058214,12.137956619262695
TRES-3,268.0291063197835,37.5463315901179,12.191128730773926
TRES-3,268.509555709696,37.53214304434973,12.198477745056152
TRES-3,268.14754288620827,37.10902473079867,12.199137687683105
TRES-3,267.58657746067524,37.74996733833951,12.212008476257324
TRES-3,267.9838176585008,37.63325479962808,12.247771263122559
TRES-3,267.97953471087806,37.21515311195098,12.28199577331543
TRES-3,268.0897031956722,37.340583802127554,12.285727500915527
TRES-3,267.46213671938295,37.7203320556856,12.285992622375488
TRES-3,268.401739396994,37.65080032403446,12.295083045959473
TRES-3,268.6634413787568,37.57549406531853,12.306116104125977
TRES-3,267.9934456582091,37.05185805518043,12.34276008605957
TRES-3,267.73258907646164,37.57067493627166,12.343547821044922
TRES-5,304.7334424086873,59.489646702105404,7.91488790512085
TRES-5,305.914563919137,59.49158421400175,8.612142562866211
TRES-5,305.80820956217775,59.777514362841835,8.614492416381836
TRES-5,304.37622394159587,59.74097344956473,8.634417533874512
TRES-5,305.1847680444032,59.32163706227385,8.896979331970215
TRES-5,304.7546801590571,59.49640367513643,9.019913673400879
TRES-5,306.2512327129603,59.28356626667201,9.145681381225586
TRES-5,304.66566080334644,59.228321381259484,9.206327438354492
TRES-5,304.47357255693606,59.79277771428847,9.209700584411621
TRES-5,304.4978063032094,59.242565709325284,9.21989631652832
TRES-5,305.6050081342775,59.339137716892054,9.35549545288086
TRES-5,304.4698625524937,59.784468793005196,9.48488998413086
TRES-5,304.3295143905944,59.17250696179319,9.57221794128418
TRES-5,305.5350208028841,59.397091397467086,9.687667846679688
TRES-5,305.0493710489522,59.57311590727686,9.737736701965332
TRES-5,305.5483145711024,59.941159010473534,9.795684814453125
TRES-5,304.4465406348148,59.42461333996757,9.89245891571045
TRES-5,306.06217350446065,59.655661866145984,9.979798316955566
TRES-5,305.35300041132797,59.14308818476203,9.995796203613281
TRES-5,305.26702493717374,59.25110240981669,10.02383804321289
TRES-5,304.5727175023767,59.105297482127156,10.051897048950195
TRES-5,305.62820053294837,59.58773551370398,10.082119941711426
TRES-5,305.4900492334074,59.3996462724757,10.16772174835205
TRES-5,305.4665461315377,59.09668596949044,10.238967895507812
TRES-5,304.649028784846,59.73694755733245,10.316315650939941
TRES-5,305.48548943157147,59.89285323145014,10.363299369812012
TRES-5,304.97645221465007,59.79720781391479,10.387165069580078
TRES-5,305.1653869935209,58.980765670889795,10.395137786865234
TRES-5,306.0870437585154,59.555160195761594,10.40999984741211
TRES-5,305.3974632276035,59.07047130848963,10.492027282714844
TRES-5,304.83804285766865,59.334574855859984,10.508699417114258
TRES-5,305.07223564125604,59.752966085483486,10.795625686645508
TRES-5,305.2228818768528,59.66439395818754,10.79692268371582
TRES-5,305.22419297432054,58.96864224464602,10.83288288116455
TRES-5,304.74251197928623,58.97120648657669,10.847099304199219
TRES-5,304.1633462949964,59.521730470499705,10.862695693969727
TRES-5,306.09072269439355,59.455889751083355,10.866684913635254
TRES-5,304.60553851743555,59.15493512647064,10.929179191589355
TRES-5,305.3398145593775,59.57916091540664,10.938732147216797
TRES-5,306.1945732593433,59.22389045683314,10.947389602661133
TRES-5,305.0645426358555,59.384233795263064,10.96769905090332
TRES-5,305.07545884450457,59.25434660114465,11.046858787536621
TRES-5,304.26969411716664,59.36547458651695,11.052425384521484
TRES-5,305.26559905779544,59.32520859837487,11.069045066833496
TRES-5,305.4755788733609,59.113395150108744,11.08545207977295
TRES-5,304.54578314850676,59.54331846545899,11.100875854492188
TRES-5,306.1126448968467,59.648434269095404,11.101758003234863
TRES-5,306.229345345255,59.44930845050106,11.103377342224121
TRES-5,304.79346332151414,59.69140412838641,11.169084548950195
TRES-5,304.68306559955084,59.18362508957588,11.186053276062012
TRES-5,305.61332137030934,59.393961385643955,11.230947494506836
TRES-5,305.61354905419404,59.39406928949273,11.233710289001465
TRES-5,305.62614470373126,59.242225598519106,11.249336242675781
TRES-5,305.6586778741628,59.615767975081226,11.281530380249023
TRES-5,305.39457348516225,59.856521570500895,11.32332706451416
TRES-5,304.5937521544795,59.12315630975972,11.325702667236328
TRES-5,305.27340522279206,59.166060695210874,11.343700408935547
TRES-5,304.6071983360464,59.56669362435979,11.344145774841309
TRES-5,304.66606799337967,59.76433685956257,11.392334938049316
TRES-5,305.38724771284546,59.80435747370438,11.398488998413086
TRES-5,304.90716509847016,59.36666925984866,11.455182075500488
TRES-5,305.14992647831724,59.0838961394701,11.467222213745117
TRES-5,306.14911782306416,59.504012426889005,11.494576454162598
TRES-5,304.3064710838146,59.681514061926414,11.51782512664795
TRES-5,305.7496847538153,59.02214106958561,11.5204496383667
TRES-5,305.6891863255176,59.12765617477137,11.536301612854004
TRES-5,305.64513829457763,59.26108714402788,11.53840160369873
TRES-5,305.6571428502408,59.67102818165557,11.565972328186035
TRES-5,305.1168833571175,59.68520749924816,11.571276664733887
TRES-5,305.3107431536256,58.98688694854839,11.611978530883789
TRES-5,304.70180839513415,59.65895222362693,11.659355163574219
TRES-5,304.20265181895695,59.32526149217108,11.66925048828125
TRES-5,305.63633521070375,59.199034333361254,11.672652244567871
TRES-5,306.21257535442464,59.49306973781541,11.673154830932617
TRES-5,305.3502138237015,59.62164216630882,11.704888343811035
TRES-5,305.5050159480312,59.473601470038304,11.750256538391113
TRES-5,305.29722150238956,58.975030291786084,11.753453254699707
TRES-5,305.39399564848776,59.569601212071554,11.795133590698242
TRES-5,305.1542973068956,59.47325166469207,11.807601928710938
TRES-5,305.5550107293879,59.64023847869984,11.823746681213379
Qatar-1,303.5439252170889,64.7654354512966,7.036865234375
Qatar-1,303.8777338769917,64.80999819943736,8.45535659790039
Qatar-1,303.18409051560184,64.88069264148929,8.693988800048828
Qatar-1,303.0065099411798,65.60929460507623,8.903968811035156
Qatar-1,302.88157510050445,65.0478204446238,9.422698974609375
Qatar-1,302.89730407359326,64.88592530070132,9.523038864135742
Qatar-1,304.6206007465598,65.04060957336978,9.862519264221191
Qatar-1,304.4371926975123,65.01189498059787,9.944674491882324
Qatar-1,302.6325603810151,64.84067541959648,10.120348930358887
Qatar-1,303.3070353101978,65.68266676262984,10.153341293334961
Qatar-1,304.36568932337855,64.87533223465458,10.343079566955566
Qatar-1,302.92796957109704,65.27299145928072,10.399821281433105
Qatar-1,304.16361051547824,64.84857256238712,10.521644592285156
Qatar-1,302.49808607790624,65.00016365136385,10.613944053649902
Qatar-1,302.7351375794654,65.39384933256798,10.630942344665527
Qatar-1,302.46855773807494,65.52761234832775,10.65058422088623
Qatar-1,303.04137693034113,65.46138045394794,10.655311584472656
Qatar-1,302.14942736963474,65.34776143091908,10.697373390197754
Qatar-1,304.53662034661835,65.20113663813429,10.790602684020996
Qatar-1,302.7184026914528,65.54945315320985,10.841690063476562
Qatar-1,303.61981430685364,65.12912678151815,10.88245677947998
Qatar-1,303.56163780974305,64.74241054091476,10.883650779724121
Qatar-1,304.54461215119005,65.15263460022187,10.913713455200195
Qatar-1,303.44971327522256,64.75697432151787,10.914850234985352
Qatar-1,303.2172203174103,65.24352944619986,10.917946815490723
Qatar-1,302.48579104818265,65.52930491911623,10.933961868286133
Qatar-1,302.99181410854175,65.04840594828163,10.950421333312988
Qatar-1,302.32248466139504,65.26591945855685,11.005045890808105
Qatar-1,303.40885706615114,65.43945604850826,11.017792701721191
Qatar-1,303.5173466308,64.91540005367465,11.030008316040039
Qatar-1,304.3017368385914,65.0206884521482,11.062886238098145
Qatar-1,303.4986500996468,64.79706123360663,11.178317070007324
Qatar-1,303.2823135086978,65.53450930901312,11.225101470947266
Qatar-1,304.519827142147,65.18811499946759,11.251490592956543
Qatar-1,303.4618167434624,65.38451028937392,11.266511917114258
Qatar-1,303.34089969617526,64.923485026827,11.274267196655273
Qatar-1,303.487822280763,65.25223877167963,11.309239387512207
Qatar-1,303.7129320068502,65.26599860334105,11.327888488769531
Qatar-1,304.26664040965306,65.1538529579667,11.329442977905273
Qatar-1,302.8986591837187,64.90353820990613,11.373899459838867
Qatar-1,303.54067822039536,65.21521919236561,11.384127616882324
Qatar-1,303.2173690273574,65.05391005457197,11.399571418762207
Qatar-1,303.56718005680375,64.65102282227656,11.401050567626953
Qatar-1,303.7424025514517,64.79465929723753,11.401395797729492
Qatar-1,303.0319408107813,65.34942710657492,11.412534713745117
Qatar-1,303.9481373324057,64.90270038199421,11.436843872070312
Qatar-1,303.2607863004082,65.54037769639446,11.466156005859375
Qatar-1,304.44814151879706,65.20561133942275,11.469620704650879
Qatar-1,303.83997046644424,65.02197059582275,11.506691932678223
Qatar-1,303.48785198989395,64.80369619691302,11.510931015014648
Qatar-1,303.1506571901763,65.60002625292417,11.51308536529541
Qatar-1,303.26739263437713,65.52425066462136,11.540156364440918
Qatar-1,303.3881412882919,65.70256102044567,11.60670280456543
Qatar-1,303.9401086882653,65.42975312506542,11.628358840942383
Qatar-1,304.40584626132426,65.19992368055533,11.637825012207031
Qatar-1,303.18844234607786,65.47755871856415,11.649873733520508
Qatar-1,304.1212256112418,65.40845435297541,11.664714813232422
Qatar-1,304.43416859414594,64.93440848809134,11.689943313598633
Qatar-1,302.54610697255555,65.41914883758072,11.718050003051758
Qatar-1,303.6166595473406,65.10750061587932,11.73681354522705
Qatar-1,304.63206979544066,65.16525547417687,11.784607887268066
Qatar-1,302.62339435790454,64.73659985049142,11.817502975463867
Qatar-1,304.3894305349373,65.48761446385491,11.81919002532959
Qatar-1,304.27474127506616,65.05025184580813,11.830497741699219
Qatar-1,303.0097994688697,64.82473971892995,11.833643913269043
Qatar-1,302.9189440767863,64.76114651377647,11.848945617675781
Qatar-1,303.6610839488995,64.83993393926026,11.851409912109375
Qatar-1,304.44194631261587,65.08000131815844,11.898957252502441
Qatar-1,302.2083142968217,65.19433683326574,11.90099811553955
Qatar-1,302.97483131894273,65.13431096724234,11.90103530883789
Qatar-1,304.1215385013636,64.77274457276347,11.903214454650879
Qatar-1,303.0499180686227,65.65535165799189,11.908455848693848
Qatar-1,303.54600187932397,64.80877402463769,11.913716316223145
Qatar-1,304.17369442703296,65.57122960488857,11.914458274841309
Qatar-1,302.6939123550914,64.72949355734903,11.955475807189941
Qatar-1,303.76982858462765,64.76149198406888,11.966525077819824
Qatar-1,302.50254593378304,65.29422607873357,11.970284461975098
Qatar-1,303.50624273211406,65.63077627765473,11.975177764892578
Qatar-1,303.9417687849563,65.04225028855996,11.975518226623535
Qatar-1,303.84607931806147,65.18116953843128,11.995476722717285
CoRoT-2,291.5887337505947,1.8160320095191893,7.473225116729736
CoRoT-2,291.5032766841932,1.7554052301818417,8.60001277923584
CoRoT-2,291.58699329941624,1.547143746269847,8.685355186462402
CoRoT-2,292.0809448596365,1.134872146714249,8.823681831359863
CoRoT-2,291.552061044219,0.922226770530305,8.962035179138184
CoRoT-2,291.83329795098643,1.2205738374410333,9.143768310546875
CoRoT-2,291.4434742371877,1.7197005311013547,9.221787452697754
CoRoT-2,291.9048367946319,1.6847517768783655,9.496868133544922
CoRoT-2,291.759337322413,1.468584229608546,9.713214874267578
CoRoT-2,291.9419587639341,1.12224438495614,9.982994079589844
CoRoT-2,291.4646668773177,1.2822541343379208,10.005884170532227
CoRoT-2,291.99790128971625,1.836357639272256,10.008106231689453
CoRoT-2,291.7298445112243,1.7694970867121385,10.153975486755371
CoRoT-2,292.06525382939583,1.2188317651748852,10.20402717590332
CoRoT-2,291.41375218126603,1.0155290581695848,10.257671356201172
CoRoT-2,291.92118181390595,1.1010330200371963,10.267372131347656
CoRoT-2,291.59395633073694,1.7741639346441125,10.323240280151367
CoRoT-2,291.452829646466,1.3930237078582792,10.35449504852295
CoRoT-2,291.886664880658,1.7661070636321774,10.463088989257812
CoRoT-2,291.8288418586488,1.1107515002371617,10.463229179382324
CoRoT-2,291.90802320403634,1.349444818428083,10.504348754882812
CoRoT-2,291.3602558974264,1.5353587451679556,10.50519847869873
CoRoT-2,291.85619303450136,1.3457258377494523,10.510732650756836
CoRoT-2,292.148471626832,1.381187134653839,10.599081039428711
CoRoT-2,291.53921302742714,0.9248984239612021,10.617921829223633
CoRoT-2,291.97343324003384,1.4721097200738582,10.656939506530762
CoRoT-2,292.10925533744296,0.9646877481413684,10.67708969116211
CoRoT-2,292.2417402689666,1.2756844320017062,10.77375316619873
CoRoT-2,292.15231199041483,1.5339621965096324,10.899513244628906
CoRoT-2,291.38840434396286,1.7115455303537261,10.930407524108887
CoRoT-2,291.7662590100279,1.8485912775080042,10.933229446411133
CoRoT-2,291.720451258319,1.6507089608822045,10.979405403137207
CoRoT-2,291.2866813133937,1.4373054108101677,10.999959945678711
CoRoT-2,291.9051914214875,1.2771709139882101,11.007250785827637
CoRoT-2,291.9259007521289,1.1833455537429247,11.015776634216309
CoRoT-2,291.7304667226053,1.0426594242795728,11.036306381225586
CoRoT-2,291.4804298623858,1.0922854316712038,11.07079792022705
CoRoT-2,291.4992784549749,1.7626128066124958,11.138837814331055
CoRoT-2,291.9268879242957,1.4443708187833815,11.187533378601074
CoRoT-2,291.59538787760556,1.2676380709027466,11.19089126586914
CoRoT-2,291.6664603768162,1.8486584412980926,11.203119277954102
CoRoT-2,291.87992189182484,1.4834176581916436,11.244097709655762
CoRoT-2,292.00704556283455,1.7389399436509794,11.280854225158691
CoRoT-2,291.3825430485297,1.405930934824663,11.30042552947998
CoRoT-2,291.65846542473713,0.9922592819511435,11.32164478302002
CoRoT-2,291.93848618433987,1.819357650557933,11.330697059631348
CoRoT-2,291.98135249410194,1.041997641317076,11.344084739685059
CoRoT-2,292.26915024175725,1.2774161764455807,11.35638427734375
CoRoT-2,291.5222969989606,1.209212926493979,11.40103816986084
CoRoT-2,291.6931132656273,1.70769796460063,11.424076080322266
CoRoT-2,292.01294298308454,1.3325917263200893,11.436060905456543
CoRoT-2,291.5779812761029,0.9624150572472332,11.443620681762695
CoRoT-2,291.35903377544486,1.7384788603702845,11.456581115722656
CoRoT-2,292.21956657544416,1.2248109732052288,11.471991539001465
CoRoT-2,291.567652655112,0.9956810024628195,11.481087684631348
CoRoT-2,291.6375745006297,1.015391269309523,11.48648738861084
CoRoT-2,292.25175947541686,1.4513372080272073,11.506760597229004
CoRoT-2,291.8580369238819,1.4135395944782183,11.527525901794434
CoRoT-2,291.5113833757061,1.1731799474627516,11.549760818481445
CoRoT-2,291.8359242279827,1.3328629490194577,11.552494049072266
CoRoT-2,292.08312669524935,1.7951921560917588,11.557113647460938
CoRoT-2,292.27643196928733,1.3851004618213054,11.561205863952637
CoRoT-2,291.3525444977339,1.6891676005940661,11.562646865844727
CoRoT-2,291.864130338116,1.855585971231087,11.566906929016113
CoRoT-2,292.0709772199666,1.4362684264331431,11.57344913482666
CoRoT-2,291.7104880277718,0.8585876290641974,11.575263023376465
CoRoT-2,291.6334939285393,1.53896665672907,11.583434104919434
CoRoT-2,292.0525055974176,1.0966479451562559,11.630850791931152
CoRoT-2,291.99095655144293,1.4025977495410098,11.633706092834473
CoRoT-2,291.4794701181298,1.719325051672138,11.639556884765625
CoRoT-2,291.76838382391276,1.8626497542639593,11.639653205871582
CoRoT-2,291.90384304408025,1.4180790389623277,11.645580291748047
CoRoT-2,291.700842202508,0.8859015285759627,11.647029876708984
CoRoT-2,291.5769002323336,1.5969549872002586,11.65980339050293
CoRoT-2,291.78974312797305,1.3910808284024023,11.67550277709961
CoRoT-2,292.0524331895916,1.4985401374457525,11.7003173828125
CoRoT-2,291.5904904577904,1.2959659167190964,11.702951431274414
CoRoT-2,292.2650319757693,1.259372198656078,11.710880279541016
CoRoT-2,291.4692990468132,1.039400904815123,11.715238571166992
CoRoT-2,291.95735493766125,1.7223073139802687,11.722797393798828
WASP-2,307.8135454638112,6.355734426387423,7.175880432128906
WASP-2,307.9362552627064,6.6321070527999355,7.390360355377197
WASP-2,307.1886965467806,6.393827594020901,8.353429794311523
WASP-2,308.1002983875401,6.5176712599687985,8.401410102844238
WASP-2,307.6895533529855,6.028061652741754,8.741308212280273
WASP-2,307.7578145074114,6.01209486276158,8.892173767089844
WASP-2,307.84125096606545,5.980111098448912,9.02609920501709
WASP-2,307.4392691907174,6.873309521776286,9.104007720947266
WASP-2,308.2295913884043,6.316757605339152,9.465226173400879
WASP-2,307.340200320585,6.408925591823662,9.473801612854004
WASP-2,308.23292218037966,6.631125776408484,9.578618049621582
WASP-2,307.88750640265494,6.137025044562091,9.604092597961426
WASP-2,307.58558630998726,6.461084851921401,9.691349029541016
WASP-2,307.6796290800302,6.333507104244503,9.755528450012207
WASP-2,307.91591501829953,6.839428536637524,9.85847282409668
WASP-2,307.3675267085109,6.705646038876765,9.903578758239746
WASP-2,307.76489716534195,5.970067033993225,9.918498039245605
WASP-2,307.78558586846333,6.1005153205939155,10.090124130249023
WASP-2,308.23156263788275,6.395232128448655,10.106776237487793
WASP-2,307.1895884010602,6.5436390025401785,10.155464172363281
WASP-2,307.41716571391964,5.973578397002795,10.235610961914062
WASP-2,308.0244460307589,6.731856679602802,10.25838565826416
WASP-2,307.92807329217726,6.463879561337329,10.287252426147461
WASP-2,308.0098129757675,6.337951741373779,10.41834545135498
WASP-2,307.6631838409449,6.261611636422717,10.560966491699219
WASP-2,308.09598914233123,6.728978372016765,10.562926292419434
WASP-2,307.62016047643885,6.923616645438401,10.644718170166016
WASP-2,307.7426960094219,5.98099917396998,10.671379089355469
WASP-2,308.04262781814225,6.597522200859039,10.68185043334961
WASP-2,307.62713099394654,6.031741703773168,10.701374053955078
WASP-2,307.44633289234054,6.5167740055887915,10.709284782409668
WASP-2,308.08717393146594,6.212399748435992,10.734477043151855
WASP-2,307.9826851544739,6.617537668060568,10.738845825195312
WASP-2,307.8951987265022,6.884412628818087,10.807117462158203
WASP-2,308.17294476153336,6.303658523552286,10.832189559936523
WASP-2,308.09587064246756,6.465241207958444,10.846580505371094
WASP-2,307.6580250864412,5.9153804530406475,10.896193504333496
WASP-2,307.4548852801101,6.701564392131113,10.922369003295898
WASP-2,308.24809737660536,6.288578483952076,10.929899215698242
WASP-2,308.0943605362728,6.097198547425965,10.983716011047363
WASP-2,307.98230950349443,6.69666187229506,10.999459266662598
WASP-2,307.5116948116997,5.937136253461234,11.02183723449707
WASP-2,307.83591817284736,6.129587172022186,11.058724403381348
WASP-2,307.80942326779103,6.455557377391532,11.06429672241211
WASP-2,307.5160054353355,6.030807518117695,11.075494766235352
WASP-2,307.2546531986258,6.392366736989354,11.110956192016602
WASP-2,308.14151489915287,6.515343669911786,11.139006614685059
WASP-2,308.077661368447,6.420889546836939,11.157591819763184
WASP-2,307.70661964505007,6.158187835214437,11.218708992004395
WASP-2,307.88405475861623,5.978111275173564,11.223235130310059
WASP-2,307.696997467418,6.928024109942733,11.22866153717041
WASP-2,307.619826031075,6.3651913693960855,11.228760719299316
WASP-2,307.88080697638156,5.993786869864729,11.263296127319336
WASP-2,307.63775391565724,6.549363067916215,11.282916069030762
WASP-2,307.6703176514254,5.942765935364977,11.309539794921875
WASP-2,308.0113429815342,6.823330036158848,11.355628967285156
WASP-2,307.7231418849945,6.144409280898954,11.369244575500488
WASP-2,307.5051535754996,6.121151476086896,11.426915168762207
WASP-2,307.6626986476747,6.264647777546145,11.436949729919434
WASP-2,307.86924709339695,6.798472179372693,11.451723098754883
WASP-2,308.0583732573916,6.203815387563379,11.457616806030273
WASP-2,307.8077979609014,5.910953756775127,11.492975234985352
WASP-2,308.23784129490446,6.307232083492825,11.50525951385498
WASP-2,307.9398491353162,6.5582150551571425,11.511210441589355
WASP-2,307.7756281815522,5.891731090205126,11.539958000183105
WASP-2,307.7243716962066,6.051144922875789,11.540913581848145
WASP-2,307.80933218503475,6.2166908176192335,11.556703567504883
WASP-2,307.7255594999332,6.42932372868927,11.572285652160645
WASP-2,308.00969522843826,6.812136410208766,11.579456329345703
WASP-2,307.3794741073571,6.113318716205078,11.59508991241455
WASP-2,307.8580049694138,5.971399245348455,11.614893913269043
WASP-2,307.5263848978767,6.2970853496721,11.61813735961914
WASP-2,307.9696345115113,6.8922503139968,11.621854782104492
WASP-2,308.15128590602575,6.490931727582754,11.635285377502441
WASP-2,307.4351985696344,6.127236813124975,11.653636932373047
WASP-2,307.40994855180065,6.182355259794772,11.668130874633789
WASP-2,307.5871173173109,6.364122938741624,11.67605209350586
WASP-2,307.7410153518793,6.363173058301673,11.694388389587402
WASP-2,307.67637423286845,6.643395056392718,11.698864936828613
WASP-2,307.8425362480591,6.44108821808999,11.710551261901855
WASP-10,349.30369659077945,31.723801182091833,7.0509114265441895
WASP-10,348.9243652204279,31.67576432093312,7.464950084686279
WASP-10,349.1756924195052,31.338361180592297,8.51362419128418
WASP-10,348.5333586218221,31.321312062041542,8.792868614196777
WASP-10,348.7701870485054,31.043541249838526,8.936502456665039
WASP-10,348.6007563518959,31.77803849555925,9.00035285949707
WASP-10,349.30467588723326,31.64740149229626,9.249818801879883
WASP-10,349.49712850777195,31.24808891783913,9.31606388092041
WASP-10,348.48925320587614,31.391578766320475,9.763651847839355
WASP-10,349.13362346001026,31.343629694505317,9.786184310913086
WASP-10,349.5557969873086,31.31704828122301,9.868755340576172
WASP-10,349.26751446420604,31.35399158144385,9.926473617553711
WASP-10,348.44636467065556,31.401178104729855,10.301071166992188
WASP-10,348.71576272138776,31.24081782759009,10.305005073547363
WASP-10,348.37087326526637,31.32667197345081,10.413515090942383
WASP-10,348.60288542423297,31.773714299554626,10.426100730895996
WASP-10,349.48481433451417,31.725536087212493,10.574271202087402
WASP-10,348.8105101215202,31.786792093704307,10.756503105163574
WASP-10,348.62807092161836,31.57729054695544,10.84163761138916
WASP-10,349.09215592493774,31.52735518543757,10.986907958984375
WASP-10,349.3562193854046,31.844870374223063,11.074806213378906
WASP-10,349.2762630466862,31.725784485325068,11.07728099822998
WASP-10,348.8675617519231,31.034487919010303,11.08446216583252
WASP-10,348.9984778164771,31.605562996776865,11.106218338012695
WASP-10,349.19936150898786,31.146239986111826,11.115164756774902
WASP-10,349.25286360871996,31.954171107182557,11.140658378601074
WASP-10,349.04884837449526,31.35827298567487,11.18619155883789
WASP-10,348.41141022666187,31.5319270939602,11.269242286682129
WASP-10,349.13611754614794,31.837738377573313,11.33254337310791
WASP-10,348.6091528291803,31.450036545350052,11.348567008972168
WASP-10,349.0053635621244,31.28136445178768,11.349400520324707
WASP-10,348.69562042504646,31.116555678854372,11.390020370483398
WASP-10,348.9567082752129,31.91012095999538,11.400683403015137
WASP-10,349.01659533959986,31.27501373889536,11.422417640686035
WASP-10,348.9946049924685,31.074478338158798,11.503396987915039
WASP-10,349.5007046302494,31.53278203524355,11.539430618286133
WASP-10,349.19264544459173,31.134622190457037,11.541139602661133
WASP-10,349.24733990907004,31.24257142224067,11.550454139709473
WASP-10,349.42703095572625,31.812420085834088,11.57296371459961
WASP-10,348.5049358611304,31.3192574630296,11.575662612915039
WASP-10,348.91862563563024,31.93084017889522,11.579075813293457
WASP-10,348.55256820372284,31.655426813571506,11.604082107543945
WASP-10,348.8746240203853,31.415093698247496,11.6124849319458
WASP-10,348.6700600975793,31.273734262117472,11.626232147216797
WASP-10,348.45608863389975,31.218286834043194,11.700016021728516
WASP-10,349.15304792636226,31.377395180746884,11.704973220825195
WASP-10,349.2006616474496,31.506143228990577,11.72380542755127
WASP-10,349.455774718004,31.437420348383373,11.757036209106445
WASP-10,348.85432486858707,31.96000904094522,11.795241355895996
WASP-10,349.099005868342,31.481866841849985,11.832494735717773
WASP-10,348.44871586775815,31.461473673848715,11.841249465942383
WASP-10,349.3680503619637,31.75416037037329,11.847062110900879
WASP-10,349.05793626521483,31.486956017730535,11.8637056350708
WASP-10,348.79031195557695,31.714872046977277,11.898009300231934
WASP-10,348.65902805559284,31.542417846136978,11.913778305053711
WASP-10,349.2805265752534,31.836773924940953,11.951035499572754
WASP-10,348.9519744842173,31.766670483531044,12.004732131958008
WASP-10,349.50532353778704,31.339764761886467,12.03990364074707
WASP-10,348.98962019875194,31.88863628302019,12.058027267456055
WASP-10,348.6508035625393,31.602344814115785,12.061647415161133
WASP-10,349.20071270664295,31.55811296834913,12.107300758361816
WASP-10,349.38247210182976,31.221619073797736,12.126181602478027
WASP-10,348.82481612278724,31.01585429216463,12.148750305175781
WASP-10,349.5103759699712,31.319367730977564,12.150748252868652
WASP-10,348.82246372445013,31.560527718614093,12.157415390014648
WASP-10,348.9930497635071,31.462747277403984,12.163578987121582
WASP-10,348.4466521039241,31.306707445133533,12.227285385131836
WASP-10,348.8116660207221,31.97832529077467,12.227971076965332
WASP-10,349.0997476743623,31.43710987642692,12.229907989501953
WASP-10,348.7175626500007,31.172685238420105,12.232728004455566
WASP-10,348.73308457936355,31.949984643554284,12.245416641235352
WASP-10,349.5684014245769,31.700281077977614,12.255948066711426
WASP-10,349.36506922400963,31.807859328163246,12.268558502197266
WASP-10,348.45751308302715,31.24805425514928,12.307872772216797
WASP-10,349.1862862822037,31.24583559672472,12.3306884765625
WASP-10,349.24639073030363,30.999532696323847,12.334617614746094
WASP-10,349.2032913258819,31.49712069123984,12.366724967956543
WASP-10,349.33299999560876,31.79437629806525,12.379190444946289
WASP-10,348.53998357571334,31.50381739948725,12.398698806762695
WASP-10,348.7861574698211,31.404212950189468,12.414360046386719
HATP-10,47.433841443470605,30.248931619494858,8.105316162109375
HATP-10,46.9423662572787,30.437260560211037,8.94402027130127
HATP-10,46.996877170226355,30.340288081089582,9.037321090698242
HATP-10,47.21935327690344,30.20974055633204,9.417108535766602
HATP-10,47.785366579466086,30.924066078773212,9.626736640930176
HATP-10,47.02692848605528,30.267388673591473,10.284881591796875
HATP-10,47.06985332751662,30.48778705942019,10.603951454162598
HATP-10,47.838316022612126,30.959376673603938,10.614314079284668
HATP-10,47.7920927292795,30.32309883286965,10.667925834655762
HATP-10,47.18189616180289,30.438708035148533,10.782824516296387
HATP-10,47.13378383711189,31.012079549004532,10.992151260375977
HATP-10,47.297846873057516,30.247717688289985,11.035286903381348
HATP-10,47.275912540315545,30.19035832892929,11.060020446777344
HATP-10,47.8793030247043,30.600953911093548,11.1131591796875
HATP-10,46.832355967564396,30.904384315224558,11.139546394348145
HATP-10,47.66290142947233,31.110600908932497,11.152039527893066
HATP-10,47.21158919045757,30.25371717632891,11.20047664642334
HATP-10,47.27916993865747,30.280788473174475,11.252110481262207
HATP-10,47.27017331861285,30.492342873962418,11.339268684387207
HATP-10,47.665361605730276,31.012697015758206,11.405105590820312
HATP-10,47.35970825319487,31.1498020762023,11.406976699829102
HATP-10,47.59253785819491,30.7533390678466,11.471100807189941
HATP-10,47.88970521307816,30.66272329711672,11.49406623840332
HATP-10,47.71067367146308,30.917048721340702,11.495265007019043
HATP-10,47.93215147495264,30.782938234224144,11.528775215148926
HATP-10,47.08123216487578,30.376396051995776,11.553801536560059
HATP-10,47.368947889327416,30.67337557168549,11.55940055847168
HATP-10,47.17434545664484,30.60941204233679,11.569560050964355
HATP-10,47.18434692405155,30.49506877053357,11.68807315826416
HATP-10,47.93889437218173,30.42954524540107,11.845955848693848
HATP-10,47.67941841530708,30.8866519044457,11.892477035522461
HATP-10,47.129252648939,31.015280215169174,11.89472770690918
HATP-10,48.002923174032674,30.66099153138656,11.89862060546875
HATP-10,47.852984724966966,30.732056582311298,11.900100708007812
HATP-10,47.12493348006648,30.491377269644552,11.907029151916504
HATP-10,47.07553590164234,30.785124935186715,11.91254711151123
HATP-10,47.66487423551915,30.456765653098202,11.926100730895996
HATP-10,47.984940260626566,30.714125146279148,11.95028305053711
HATP-10,47.07148091615489,31.006574807290058,11.970087051391602
HATP-10,47.79758140363007,30.861987549141016,11.999157905578613
HATP-10,47.63088805442942,30.694428478979738,12.009016990661621
HATP-10,46.89260527580068,30.461954642603555,12.053322792053223
HATP-10,46.75835243250735,30.537075214812788,12.067998886108398
HATP-10,47.161853293280885,30.985033081216887,12.086429595947266
HATP-10,47.46336602481269,30.61978731638157,12.098851203918457
HATP-10,47.32780773121305,30.262136073078235,12.14256477355957
HATP-10,47.317596736910225,31.005154010675756,12.194087028503418
HATP-10,47.40483834977126,31.165770698489805,12.199641227722168
HATP-10,47.336310888160114,30.705215783721442,12.236593246459961
HATP-10,47.54228005314375,30.705774578333145,12.246135711669922
HATP-10,47.51987374371504,30.27562259506448,12.260465621948242
HATP-10,46.89205202139852,30.721035562110455,12.262877464294434
HATP-10,46.93503290178319,30.40128184852397,12.278541564941406
HATP-10,47.153419869432405,30.832586688639733,12.319867134094238
HATP-10,47.19781343220646,30.466584231141656,12.344306945800781
HATP-10,47.244042942970395,30.52345750446657,12.351658821105957
HATP-10,46.75658748037684,30.603843244357574,12.38657283782959
HATP-10,47.31180306953108,30.691386055044823,12.39572811126709
HATP-10,47.49893197435136,30.69561584636166,12.39660358428955
HATP-10,47.10262849794438,30.747071467130784,12.43335247039795
HATP-10,46.872602310841735,30.574740528578854,12.452879905700684
HATP-10,47.838929289604,30.867220949534143,12.488208770751953
HATP-10,47.073009468338114,30.34566826350612,12.514737129211426
HATP-10,47.58855032188783,30.531023835675857,12.516295433044434
HATP-10,47.61336571569776,30.933590357099572,12.543724060058594
HATP-10,46.88553306412586,30.512104465016733,12.581502914428711
HATP-10,47.34722466227873,30.911265098091828,12.598426818847656
HATP-10,47.29282706406733,30.601358723429698,12.622393608093262
HATP-10,47.44894760857509,30.87795666890548,12.62972354888916
HATP-10,47.827893055082185,30.733196322389176,12.6528902053833
HATP-10,47.57641496837385,30.239540137747777,12.69117259979248
HATP-10,46.97202477810312,30.38083951214044,12.693475723266602
HATP-10,47.771428743538124,30.515949040867625,12.712075233459473
HATP-10,47.283880654630835,30.957136156175235,12.720556259155273
HATP-10,47.634441649994486,30.42854983735618,12.740180015563965
HATP-10,47.43881646813797,31.03401210312911,12.777933120727539
HATP-10,47.183795542796624,30.99858935189088,12.780424118041992
HATP-10,47.13302102936926,30.981510493561377,12.824930191040039
HATP-10,47.05879824027064,30.560139814629075,12.826013565063477
HATP-10,47.20061883275675,31.031503083284182,12.828361511230469
