file,mjd_obs,ut_time,x,y,weather,target_flux,ensemble_flux,rel_flux,check_flux,status,used,comp2_flux,comp4_flux,comp11_flux
Qatar-1260821043927.fits,61273.194,04:39:21,263.48,218.89,100,1517.4,85255.9,1.0001,1.0,ok,yes,50359.1,24100.3,10796.5
Qatar-1260821044219.fits,61273.196,04:42:14,262.47,225.32,100,460.0,,,,no_flux,no,,,10804.8
Qatar-1260821044515.fits,61273.198,04:45:07,260.55,218.71,100,1410.5,85010.0,0.9426,0.9935,ok,yes,50076.4,24174.5,10759.0
Qatar-1260821044816.fits,61273.2,04:48:00,262.65,225.19,100,1294.4,,,,no_flux,no,,,10767.2
Qatar-1260821045116.fits,61273.202,04:50:52,260.04,226.16,100,755.7,,,,position,no,,,10836.2
Qatar-1260821045715.fits,61273.206,04:56:38,256.4,213.74,100,1220.6,85288.3,0.8449,0.9863,position,no,50048.3,24352.3,10887.7
Qatar-1260821050015.fits,61273.209,05:00:57,258.39,211.68,100,1551.6,85848.4,1.0701,0.9954,position,no,50551.9,24428.9,10867.7
Qatar-1260821050315.fits,61273.211,05:03:50,257.6,218.95,100,1461.1,85450.2,0.9802,1.0014,ok,yes,50498.4,24155.4,10796.4
Qatar-1260821050615.fits,61273.213,05:06:43,259.96,218.13,100,1569.0,85441.5,1.0482,0.9989,ok,yes,50438.6,24192.0,10810.9
Qatar-1260821050915.fits,61273.215,05:09:36,255.85,225.06,100,1264.9,,,,position,no,,,10720.3
Qatar-1260821051216.fits,61273.217,05:12:28,254.51,225.39,100,304.8,,,,position,no,,,10835.2
Qatar-1260821051516.fits,61273.219,05:15:21,255.48,218.12,100,1315.2,,,,no_flux,no,,24212.2,10870.4
Qatar-1260821051815.fits,61273.221,05:18:14,255.8,209.23,100,1453.1,85676.2,1.0261,1.0078,ok,yes,50685.0,24194.1,10797.2
Qatar-1260821052116.fits,61273.223,05:21:07,256.89,207.09,100,1494.0,86192.6,1.0557,1.0038,position,no,50892.2,24440.1,10860.3
Qatar-1260821052416.fits,61273.225,05:24:00,256.02,207.96,100,1474.9,85672.6,1.0473,0.993,ok,yes,50367.8,24504.9,10799.9
Qatar-1260821053015.fits,61273.229,05:29:45,256.23,211.0,100,1036.5,85628.5,0.7247,1.003,outlier,no,50572.8,24212.5,10843.2
Qatar-1260821053616.fits,61273.234,05:36:57,257.05,214.2,100,1440.7,85727.4,0.9876,1.0038,ok,yes,50674.2,24195.5,10857.7
Qatar-1260821053916.fits,61273.236,05:39:50,258.95,207.9,100,1480.8,85172.6,1.0467,1.0,ok,yes,50220.6,24118.5,10833.4
Qatar-1260821054215.fits,61273.238,05:42:43,260.01,208.99,100,1476.9,85280.6,1.0329,0.9975,ok,yes,50242.4,24181.2,10857.0
Qatar-1260821054515.fits,61273.24,05:45:36,260.73,202.85,100,1519.5,85465.4,1.0906,1.0007,position,no,50367.7,24243.8,10853.8
Qatar-1260821054815.fits,61273.242,05:48:28,259.87,207.24,100,1379.7,85205.4,0.9748,1.0043,ok,yes,50322.8,24105.7,10776.9
Qatar-1260821055415.fits,61273.246,05:54:14,262.72,202.5,100,805.3,,,,no_flux,no,50546.4,24241.4,
Qatar-1260821055715.fits,61273.248,05:57:07,262.87,205.17,100,1500.4,85510.4,1.0556,1.0022,ok,yes,50446.1,24255.1,10809.2
Qatar-1260821060016.fits,61273.25,06:00:00,264.65,205.69,100,1464.9,85726.7,1.0187,1.0026,ok,yes,50586.8,24314.4,10825.5
Qatar-1260821060316.fits,61273.252,06:02:52,263.72,205.7,100,1426.6,85339.8,0.9999,0.9987,ok,yes,50278.2,24227.1,10834.5
Qatar-1260821060615.fits,61273.254,06:05:45,266.86,205.14,100,1510.0,85386.9,1.0487,0.9927,ok,yes,50180.2,24352.2,10854.5
Qatar-1260821061216.fits,61273.259,06:12:57,265.27,203.21,100,1166.2,85999.1,0.8166,1.0063,outlier,no,50805.4,24366.5,10827.2
Qatar-1260821061516.fits,61273.261,06:15:50,266.65,204.23,100,1398.8,85576.9,0.9744,0.9986,ok,yes,50406.3,24318.6,10852.0
Qatar-1260821061816.fits,61273.263,06:18:43,267.26,205.12,100,1145.5,85547.5,0.793,0.9975,outlier,no,50374.8,24349.0,10823.8
Qatar-1260821062115.fits,61273.265,06:21:36,268.99,206.1,100,1439.5,85591.5,0.9851,1.0053,ok,yes,50569.7,24219.1,10802.7
Qatar-1260821062415.fits,61273.267,06:24:28,268.08,206.27,100,1518.8,85311.4,1.0453,0.9974,ok,yes,50243.3,24203.2,10864.8
Qatar-1260821062715.fits,61273.269,06:27:21,268.07,206.12,100,1458.5,85510.4,1.0023,0.9956,ok,yes,50321.7,24338.0,10850.7
Qatar-1260821063315.fits,61273.273,06:33:07,269.05,204.1,100,1103.0,85929.9,0.7591,1.0046,outlier,no,50739.4,24359.9,10830.6
Qatar-1260821063615.fits,61273.275,06:36:00,271.03,199.04,100,1460.4,85970.9,1.0226,1.0003,ok,yes,50636.2,24423.0,10911.8
Qatar-1260821063915.fits,61273.277,06:38:52,270.9,197.24,100,1425.8,85336.6,1.0153,1.0021,ok,yes,50285.9,24197.3,10853.4
Qatar-1260821064215.fits,61273.279,06:41:45,272.83,197.65,100,1487.2,85752.1,1.0443,1.008,ok,yes,50656.0,24244.1,10851.9
Qatar-1260821064515.fits,61273.281,06:44:38,273.97,196.96,100,1056.3,85433.0,0.744,0.9989,outlier,no,50276.3,24276.0,10880.7
Qatar-1260821065115.fits,61273.286,06:51:50,276.11,198.15,100,1463.0,85803.2,1.012,1.0125,ok,yes,50785.4,24270.3,10747.5
Qatar-1260821065415.fits,61273.288,06:54:43,275.8,198.36,100,1485.8,85521.2,1.0313,0.9961,ok,yes,50282.6,24398.0,10840.6
Qatar-1260821065715.fits,61273.29,06:57:36,275.38,196.32,100,1423.1,85586.0,0.9986,0.9972,ok,yes,50326.4,24457.2,10802.3
Qatar-1260821070015.fits,61273.292,07:00:28,279.87,198.52,100,1515.2,85497.3,1.036,0.9937,ok,yes,50223.7,24431.0,10842.5
Qatar-1260821070315.fits,61273.294,07:03:21,278.98,204.26,100,1534.0,85993.8,1.0177,0.9988,position,no,50665.6,24410.7,10917.6
Qatar-1260821070915.fits,61273.298,07:09:07,282.0,204.05,100,1524.6,85710.4,1.0052,0.9988,position,no,50500.8,24389.7,10820.0
Qatar-1260821071216.fits,61273.3,07:12:00,281.69,201.69,100,1478.4,85172.6,0.993,0.9902,ok,yes,49986.2,24305.3,10881.0
Qatar-1260821071817.fits,61273.304,07:17:45,282.95,203.32,100,1518.1,85837.8,0.9996,1.0039,position,no,50676.6,24222.5,10938.7
Qatar-1260821072115.fits,61273.306,07:20:38,283.68,197.84,100,1486.9,85613.7,1.0049,0.991,ok,yes,50232.3,24490.5,10891.0
Qatar-1260821072415.fits,61273.309,07:24:57,285.91,197.5,100,1560.8,85542.4,1.0492,0.9927,ok,yes,50224.8,24416.4,10901.2
Qatar-1260821073615.fits,61273.317,07:36:28,291.76,198.89,100,1580.2,85365.9,1.0364,0.9983,ok,yes,50253.8,24298.0,10814.1
Qatar-1260821073916.fits,61273.319,07:39:21,291.68,198.8,100,1556.9,85409.7,1.0213,1.0036,ok,yes,50387.2,24224.9,10797.5
Qatar-1260821074515.fits,61273.323,07:45:07,293.71,194.59,100,1505.5,86081.5,0.9924,1.0042,ok,yes,50765.4,24463.1,10852.9
Qatar-1260821074815.fits,61273.325,07:48:00,296.89,194.47,100,1531.7,84732.9,1.0151,0.9834,ok,yes,49540.3,24312.1,10880.5
Qatar-1260821075115.fits,61273.327,07:50:52,296.2,193.59,100,1399.8,85708.2,0.9231,1.0051,ok,yes,50557.8,24297.3,10853.1
Qatar-1260821075415.fits,61273.329,07:53:45,298.12,200.45,100,1500.2,84992.2,0.9605,0.9975,ok,yes,50034.3,24279.7,10678.2
Qatar-1260821075715.fits,61273.331,07:56:38,297.79,196.65,100,1450.8,85371.9,0.9419,1.013,ok,yes,50546.2,24182.2,10643.6
Qatar-1260821080016.fits,61273.334,08:00:57,299.68,199.93,100,1443.4,84989.5,0.9215,1.0125,ok,yes,50337.7,24063.5,10588.3
Qatar-1260821080916.fits,61273.34,08:09:36,302.98,200.62,100,1513.3,85210.6,0.9503,1.0107,ok,yes,50438.6,24054.5,10717.5
Qatar-1260821081215.fits,61273.342,08:12:28,304.86,200.35,100,1550.8,84998.0,0.9716,1.0032,ok,yes,50160.3,24169.9,10667.9
Qatar-1260821081515.fits,61273.344,08:15:21,306.79,197.41,100,1518.7,83774.2,0.9719,0.9867,ok,yes,49079.7,24015.1,10679.4
