night,target,session,file,mjd_obs,ut_obs,weather,n_detected,solved,convention,n_matched,x_real,y_real,sep_pix,target_detected
2026-08-18,Qatar-1,session_01,Qatar-1260818082449.fits,61270.351,2026-08-18T08:24:49.906-0000,100,45,yes,flip-y,11,319.88,156.7,,no
2026-08-18,Qatar-1,session_01,Qatar-1260818082715.fits,61270.352,2026-08-18T08:27:15.461-0000,100,45,yes,flip-y,13,333.2,148.91,,no
2026-08-18,Qatar-1,session_01,Qatar-1260818083016.fits,61270.354,2026-08-18T08:30:16.788-0000,100,45,yes,flip-y,13,335.14,152.22,,no
2026-08-18,Qatar-1,session_01,Qatar-1260818083316.fits,61270.356,2026-08-18T08:33:16.158-0000,100,45,yes,flip-y,12,336.26,155.33,,no
2026-08-18,Qatar-1,session_01,Qatar-1260818083615.fits,61270.359,2026-08-18T08:36:15.528-0000,100,45,yes,flip-y,13,339.66,154.14,,no
2026-08-18,Qatar-1,session_01,Qatar-1260818083916.fits,61270.361,2026-08-18T08:39:16.942-0000,100,45,yes,flip-y,13,341.43,153.65,,no
2026-08-18,Qatar-1,session_01,Qatar-1260818084215.fits,61270.363,2026-08-18T08:42:15.374-0000,100,45,yes,flip-y,13,341.58,153.3,,no
2026-08-18,Qatar-1,session_01,Qatar-1260818084515.fits,61270.365,2026-08-18T08:45:15.732-0000,100,45,yes,flip-y,11,344.56,151.14,,no
2026-08-18,Qatar-1,session_01,Qatar-1260818084815.fits,61270.367,2026-08-18T08:48:15.174-0000,100,45,yes,flip-y,14,345.01,148.64,,no
2026-08-18,Qatar-1,session_01,Qatar-1260818085115.fits,61270.369,2026-08-18T08:51:15.476-0000,100,45,yes,flip-y,10,346.72,153.58,,no
2026-08-18,Qatar-1,session_01,Qatar-1260818085415.fits,61270.371,2026-08-18T08:54:15.830-0000,100,45,yes,flip-y,12,348.07,153.22,,no
2026-08-18,Qatar-1,session_01,Qatar-1260818085716.fits,61270.373,2026-08-18T08:57:16.249-0000,100,45,yes,flip-y,13,348.49,151.53,,no
2026-08-18,Qatar-1,session_01,Qatar-1260818090016.fits,61270.375,2026-08-18T09:00:16.671-0000,100,45,yes,flip-y,12,350.92,152.82,,no
2026-08-18,Qatar-1,session_01,Qatar-1260818090316.fits,61270.377,2026-08-18T09:03:16.918-0000,100,45,yes,flip-y,12,352.54,151.9,,no
2026-08-18,Qatar-1,session_01,Qatar-1260818090615.fits,61270.379,2026-08-18T09:06:15.169-0000,100,45,yes,flip-y,13,352.61,148.91,,no
2026-08-18,Qatar-1,session_01,Qatar-1260818090915.fits,61270.381,2026-08-18T09:09:15.591-0000,100,45,yes,flip-y,11,340.21,151.83,,no
2026-08-18,Qatar-1,session_01,Qatar-1260818091215.fits,61270.384,2026-08-18T09:12:15.971-0000,100,45,yes,flip-y,12,355.75,154.15,,no
2026-08-18,Qatar-1,session_01,Qatar-1260818091515.fits,61270.386,2026-08-18T09:15:15.198-0000,100,45,yes,flip-y,12,356.72,152.85,,no
2026-08-18,Qatar-1,session_01,Qatar-1260818091816.fits,61270.388,2026-08-18T09:18:16.537-0000,100,45,yes,flip-y,12,358.96,150.68,,no
2026-08-18,Qatar-1,session_01,Qatar-1260818092117.fits,61270.39,2026-08-18T09:21:17.011-0000,100,45,yes,flip-y,13,359.13,148.66,,no
2026-08-18,Qatar-1,session_01,Qatar-1260818092415.fits,61270.392,2026-08-18T09:24:15.300-0000,100,45,yes,flip-y,12,359.66,154.09,,no
2026-08-18,Qatar-1,session_01,Qatar-1260818092715.fits,61270.394,2026-08-18T09:27:15.667-0000,100,45,yes,flip-y,12,363.57,152.2,,no
2026-08-18,Qatar-1,session_01,Qatar-1260818093015.fits,61270.396,2026-08-18T09:30:15.977-0000,100,45,yes,flip-y,12,363.62,150.94,,no
2026-08-18,Qatar-1,session_01,Qatar-1260818093316.fits,61270.398,2026-08-18T09:33:16.341-0000,100,45,yes,flip-y,12,362.05,149.75,,no
2026-08-18,Qatar-1,session_01,Qatar-1260818093615.fits,61270.4,2026-08-18T09:36:15.845-0000,100,45,yes,flip-y,13,364.47,149.41,,no
2026-08-18,Qatar-1,session_01,Qatar-1260818093916.fits,61270.402,2026-08-18T09:39:16.175-0000,100,45,yes,flip-y,12,367.07,153.01,,no
2026-08-18,Qatar-1,session_01,Qatar-1260818094216.fits,61270.404,2026-08-18T09:42:16.561-0000,100,45,yes,flip-y,12,367.89,152.17,,no
2026-08-18,Qatar-1,session_01,Qatar-1260818094516.fits,61270.406,2026-08-18T09:45:16.032-0000,100,45,yes,flip-y,12,367.24,155.01,,no
2026-08-18,Qatar-1,session_01,Qatar-1260818094815.fits,61270.409,2026-08-18T09:48:15.299-0000,100,45,yes,flip-y,12,368.12,150.93,,no
2026-08-18,Qatar-1,session_01,Qatar-1260818095116.fits,61270.411,2026-08-18T09:51:16.638-0000,100,45,yes,flip-y,13,372.14,155.28,,no
2026-08-18,Qatar-1,session_01,Qatar-1260818095416.fits,61270.413,2026-08-18T09:54:16.034-0000,100,45,yes,flip-y,11,372.87,158.89,,no
2026-08-18,Qatar-1,session_01,Qatar-1260818095715.fits,61270.415,2026-08-18T09:57:15.381-0000,100,45,yes,flip-y,12,373.17,157.91,,no
2026-08-18,Qatar-1,session_01,Qatar-1260818100015.fits,61270.417,2026-08-18T10:00:15.797-0000,100,45,yes,flip-y,13,376.51,158.55,,no
2026-08-18,Qatar-1,session_01,Qatar-1260818100315.fits,61270.419,2026-08-18T10:03:15.243-0000,100,45,yes,flip-y,13,377.03,157.67,,no
2026-08-18,Qatar-1,session_01,Qatar-1260818100616.fits,61270.421,2026-08-18T10:06:16.554-0000,100,45,yes,flip-y,13,379.37,153.97,,no
2026-08-18,Qatar-1,session_01,Qatar-1260818100915.fits,61270.423,2026-08-18T10:09:15.930-0000,100,45,yes,flip-y,13,379.49,156.17,,no
2026-08-18,Qatar-1,session_01,Qatar-1260818101215.fits,61270.425,2026-08-18T10:12:15.259-0000,100,45,yes,flip-y,14,381.83,162.35,,no
2026-08-18,Qatar-1,session_01,Qatar-1260818101515.fits,61270.427,2026-08-18T10:15:15.654-0000,100,45,yes,flip-y,13,385.98,159.41,,no
2026-08-18,Qatar-1,session_01,Qatar-1260818101817.fits,61270.429,2026-08-18T10:18:17.049-0000,100,45,yes,flip-y,13,386.85,157.06,,no
2026-08-18,Qatar-1,session_01,Qatar-1260818102115.fits,61270.431,2026-08-18T10:21:15.414-0000,100,45,yes,flip-y,13,387.01,156.74,,no
2026-08-18,Qatar-1,session_01,Qatar-1260818102415.fits,61270.434,2026-08-18T10:24:15.801-0000,100,45,yes,flip-y,14,389.21,160.31,,no
2026-08-18,Qatar-1,session_01,Qatar-1260818102716.fits,61270.436,2026-08-18T10:27:16.223-0000,100,45,yes,flip-y,12,390.96,159.56,,no
2026-08-18,Qatar-1,session_01,Qatar-1260818103015.fits,61270.438,2026-08-18T10:30:15.814-0000,100,45,yes,flip-y,13,392.09,158.04,,no
2026-08-18,Qatar-1,session_01,Qatar-1260818103315.fits,61270.44,2026-08-18T10:33:15.292-0000,100,45,yes,flip-y,11,392.7,164.92,,no
2026-08-18,Qatar-1,session_01,Qatar-1260818103615.fits,61270.442,2026-08-18T10:36:15.674-0000,100,45,yes,flip-y,13,394.37,162.25,,no
2026-08-18,Qatar-1,session_01,Qatar-1260818103916.fits,61270.444,2026-08-18T10:39:16.084-0000,100,45,yes,flip-y,14,396.53,160.96,,no
2026-08-18,Qatar-1,session_01,Qatar-1260818104216.fits,61270.446,2026-08-18T10:42:16.433-0000,100,45,yes,flip-y,13,398.15,158.28,,no
2026-08-18,Qatar-1,session_01,Qatar-1260818104515.fits,61270.448,2026-08-18T10:45:15.777-0000,100,45,yes,flip-y,12,398.77,164.65,,no
2026-08-18,Qatar-1,session_01,Qatar-1260818104815.fits,61270.45,2026-08-18T10:48:15.250-0000,100,45,yes,flip-y,12,399.25,165.07,,no
2026-08-18,Qatar-1,session_01,Qatar-1260818105115.fits,61270.452,2026-08-18T10:51:15.620-0000,100,45,yes,flip-y,12,400.61,158.81,,no
2026-08-18,Qatar-1,session_01,Qatar-1260818105415.fits,61270.454,2026-08-18T10:54:15.852-0000,100,45,yes,flip-y,12,403.12,166.83,,no
2026-08-18,Qatar-1,session_01,Qatar-1260818105715.fits,61270.456,2026-08-18T10:57:15.254-0000,100,45,yes,flip-y,13,402.89,165.68,,no
2026-08-18,Qatar-1,session_01,Qatar-1260818110015.fits,61270.459,2026-08-18T11:00:15.648-0000,100,45,yes,flip-y,12,404.8,164.18,,no
2026-08-18,Qatar-1,session_01,Qatar-1260818110316.fits,61270.461,2026-08-18T11:03:16.063-0000,100,45,yes,flip-y,13,407.06,167.69,,no
2026-08-18,Qatar-1,session_01,Qatar-1260818110615.fits,61270.463,2026-08-18T11:06:15.572-0000,100,45,yes,flip-y,13,409.02,165.79,,no
2026-08-18,Qatar-1,session_01,Qatar-1260818110917.fits,61270.465,2026-08-18T11:09:17.023-0000,100,45,yes,flip-y,13,409.56,165.68,,no
2026-08-18,Qatar-1,session_01,Qatar-1260818111215.fits,61270.467,2026-08-18T11:12:15.445-0000,100,45,yes,flip-y,12,411.97,169.74,,no
2026-08-18,Qatar-1,session_01,Qatar-1260818111516.fits,61270.469,2026-08-18T11:15:16.800-0000,100,45,yes,flip-y,13,413.49,167.73,,no
2026-08-18,Qatar-1,session_01,Qatar-1260818111816.fits,61270.471,2026-08-18T11:18:16.265-0000,100,45,yes,flip-y,13,413.54,166.31,,no
2026-08-18,Qatar-1,session_01,Qatar-1260818112115.fits,61270.473,2026-08-18T11:21:15.755-0000,100,45,yes,flip-y,11,413.89,172.94,,no
2026-08-18,Qatar-1,session_01,Qatar-1260818112415.fits,61270.475,2026-08-18T11:24:15.210-0000,100,45,yes,flip-y,12,414.64,178.1,,no
2026-08-18,Qatar-1,session_01,Qatar-1260818112715.fits,61270.477,2026-08-18T11:27:15.441-0000,100,45,yes,flip-y,12,417.53,176.68,,no
2026-08-18,Qatar-1,session_01,Qatar-1260818113015.fits,61270.479,2026-08-18T11:30:15.918-0000,100,45,yes,flip-y,11,417.28,178.65,,no
2026-08-18,Qatar-1,session_01,Qatar-1260818113315.fits,61270.481,2026-08-18T11:33:15.255-0000,100,45,yes,flip-y,10,418.76,177.16,,no
2026-08-18,Qatar-1,session_01,Qatar-1260818113615.fits,61270.484,2026-08-18T11:36:15.666-0000,100,45,yes,flip-y,10,420.47,175.36,,no
2026-08-18,Qatar-1,session_01,Qatar-1260818113916.fits,61270.486,2026-08-18T11:39:16.126-0000,100,45,yes,flip-y,13,420.97,177.08,,no
2026-08-18,Qatar-1,session_01,Qatar-1260818114215.fits,61270.488,2026-08-18T11:42:15.504-0000,100,45,yes,flip-y,11,422.25,176.7,,no
2026-08-18,Qatar-1,session_01,Qatar-1260818114516.fits,61270.49,2026-08-18T11:45:16.900-0000,100,45,yes,flip-y,11,421.16,185.67,,no
2026-08-18,Qatar-1,session_01,Qatar-1260818114815.fits,61270.492,2026-08-18T11:48:15.188-0000,100,45,yes,flip-y,11,423.6,182.14,,no
2026-08-21,Qatar-1,session_01,Qatar-1260821043741.fits,61273.193,2026-08-21T04:37:41.530-0000,100,45,yes,flip-y,12,267.04,281.56,,no
2026-08-21,Qatar-1,session_01,Qatar-1260821043927.fits,61273.194,2026-08-21T04:39:27.733-0000,100,45,yes,flip-y,10,261.14,217.42,,no
2026-08-21,Qatar-1,session_01,Qatar-1260821044219.fits,61273.196,2026-08-21T04:42:19.066-0000,100,45,yes,flip-y,10,262.27,226.71,,no
2026-08-21,Qatar-1,session_01,Qatar-1260821044515.fits,61273.198,2026-08-21T04:45:15.463-0000,100,45,yes,flip-y,10,258.5,217.31,,no
2026-08-21,Qatar-1,session_01,Qatar-1260821044816.fits,61273.2,2026-08-21T04:48:16.847-0000,100,45,yes,flip-y,10,261.17,228.49,,no
2026-08-21,Qatar-1,session_01,Qatar-1260821045116.fits,61273.202,2026-08-21T04:51:16.189-0000,100,45,yes,flip-y,10,258.68,227.93,,no
2026-08-21,Qatar-1,session_01,Qatar-1260821045415.fits,61273.204,2026-08-21T04:54:15.602-0000,100,45,yes,flip-y,10,254.58,221.72,,no
2026-08-21,Qatar-1,session_01,Qatar-1260821045715.fits,61273.206,2026-08-21T04:57:15.895-0000,100,45,yes,flip-y,10,254.13,211.68,,no
2026-08-21,Qatar-1,session_01,Qatar-1260821050015.fits,61273.209,2026-08-21T05:00:15.306-0000,100,45,yes,flip-y,9,255.97,208.89,,no
2026-08-21,Qatar-1,session_01,Qatar-1260821050315.fits,61273.211,2026-08-21T05:03:15.579-0000,100,45,yes,flip-y,10,255.47,217.41,,no
2026-08-21,Qatar-1,session_01,Qatar-1260821050615.fits,61273.213,2026-08-21T05:06:15.933-0000,100,45,yes,flip-y,10,256.56,216.4,,no
2026-08-21,Qatar-1,session_01,Qatar-1260821050915.fits,61273.215,2026-08-21T05:09:15.234-0000,100,45,yes,flip-y,10,254.31,228.33,,no
2026-08-21,Qatar-1,session_01,Qatar-1260821051216.fits,61273.217,2026-08-21T05:12:16.638-0000,100,45,yes,flip-y,9,253.16,226.67,,no
2026-08-21,Qatar-1,session_01,Qatar-1260821051516.fits,61273.219,2026-08-21T05:15:16.077-0000,100,45,yes,flip-y,9,253.07,220.81,,no
2026-08-21,Qatar-1,session_01,Qatar-1260821051815.fits,61273.221,2026-08-21T05:18:15.424-0000,100,45,yes,flip-y,10,252.76,206.84,,no
2026-08-21,Qatar-1,session_01,Qatar-1260821052116.fits,61273.223,2026-08-21T05:21:16.649-0000,100,45,yes,flip-y,10,253.92,205.09,,no
2026-08-21,Qatar-1,session_01,Qatar-1260821052416.fits,61273.225,2026-08-21T05:24:16.983-0000,100,45,yes,flip-y,10,253.04,205.88,,no
2026-08-21,Qatar-1,session_01,Qatar-1260821052715.fits,61273.227,2026-08-21T05:27:15.287-0000,100,45,yes,flip-y,10,254.52,210.76,,no
2026-08-21,Qatar-1,session_01,Qatar-1260821053015.fits,61273.229,2026-08-21T05:30:15.874-0000,100,45,yes,flip-y,10,254.15,209.2,,no
2026-08-21,Qatar-1,session_01,Qatar-1260821053315.fits,61273.231,2026-08-21T05:33:15.288-0000,100,45,yes,flip-y,9,254.22,221.17,,no
2026-08-21,Qatar-1,session_01,Qatar-1260821053616.fits,61273.234,2026-08-21T05:36:16.718-0000,100,45,yes,flip-y,10,254.2,211.8,,no
2026-08-21,Qatar-1,session_01,Qatar-1260821053916.fits,61273.236,2026-08-21T05:39:16.949-0000,100,45,yes,flip-y,10,256.28,205.73,,no
2026-08-21,Qatar-1,session_01,Qatar-1260821054215.fits,61273.238,2026-08-21T05:42:15.366-0000,100,45,yes,flip-y,10,256.97,206.77,,no
2026-08-21,Qatar-1,session_01,Qatar-1260821054515.fits,61273.24,2026-08-21T05:45:15.790-0000,100,45,yes,flip-y,10,258.02,200.8,,no
2026-08-21,Qatar-1,session_01,Qatar-1260821054815.fits,61273.242,2026-08-21T05:48:15.156-0000,100,45,yes,flip-y,10,257.43,205.01,,no
2026-08-21,Qatar-1,session_01,Qatar-1260821055115.fits,61273.244,2026-08-21T05:51:15.486-0000,100,45,yes,flip-y,10,259.78,203.01,,no
2026-08-21,Qatar-1,session_01,Qatar-1260821055415.fits,61273.246,2026-08-21T05:54:15.858-0000,100,45,yes,flip-y,9,261.41,200.88,,no
2026-08-21,Qatar-1,session_01,Qatar-1260821055715.fits,61273.248,2026-08-21T05:57:15.228-0000,100,45,yes,flip-y,10,260.09,202.81,,no
2026-08-21,Qatar-1,session_01,Qatar-1260821060016.fits,61273.25,2026-08-21T06:00:16.582-0000,100,45,yes,flip-y,9,261.53,203.25,,no
2026-08-21,Qatar-1,session_01,Qatar-1260821060316.fits,61273.252,2026-08-21T06:03:16.966-0000,100,45,yes,flip-y,10,261.37,203.79,,no
2026-08-21,Qatar-1,session_01,Qatar-1260821060615.fits,61273.254,2026-08-21T06:06:15.335-0000,100,45,yes,flip-y,10,263.53,202.98,,no
2026-08-21,Qatar-1,session_01,Qatar-1260821060915.fits,61273.256,2026-08-21T06:09:15.711-0000,100,45,yes,flip-y,9,264.57,202.77,,no
2026-08-21,Qatar-1,session_01,Qatar-1260821061216.fits,61273.259,2026-08-21T06:12:16.144-0000,100,45,yes,flip-y,9,263.0,201.32,,no
2026-08-21,Qatar-1,session_01,Qatar-1260821061516.fits,61273.261,2026-08-21T06:15:16.607-0000,100,45,yes,flip-y,10,264.39,202.48,,no
2026-08-21,Qatar-1,session_01,Qatar-1260821061816.fits,61273.263,2026-08-21T06:18:16.040-0000,100,45,yes,flip-y,9,265.08,203.29,,no
2026-08-21,Qatar-1,session_01,Qatar-1260821062115.fits,61273.265,2026-08-21T06:21:15.427-0000,100,45,yes,flip-y,10,266.17,203.53,,no
2026-08-21,Qatar-1,session_01,Qatar-1260821062415.fits,61273.267,2026-08-21T06:24:15.982-0000,100,45,yes,flip-y,10,264.79,204.07,,no
2026-08-21,Qatar-1,session_01,Qatar-1260821062715.fits,61273.269,2026-08-21T06:27:15.420-0000,100,45,yes,flip-y,10,265.04,203.95,,no
2026-08-21,Qatar-1,session_01,Qatar-1260821063015.fits,61273.271,2026-08-21T06:30:15.871-0000,100,45,yes,flip-y,10,266.6,203.17,,no
2026-08-21,Qatar-1,session_01,Qatar-1260821063315.fits,61273.273,2026-08-21T06:33:15.360-0000,100,45,yes,flip-y,9,267.23,202.22,,no
2026-08-21,Qatar-1,session_01,Qatar-1260821063615.fits,61273.275,2026-08-21T06:36:15.843-0000,100,45,yes,flip-y,10,267.95,196.75,,no
2026-08-21,Qatar-1,session_01,Qatar-1260821063915.fits,61273.277,2026-08-21T06:39:15.176-0000,100,45,yes,flip-y,10,268.49,194.53,,no
2026-08-21,Qatar-1,session_01,Qatar-1260821064215.fits,61273.279,2026-08-21T06:42:15.503-0000,100,45,yes,flip-y,9,270.4,196.48,,no
2026-08-21,Qatar-1,session_01,Qatar-1260821064515.fits,61273.281,2026-08-21T06:45:15.874-0000,100,45,yes,flip-y,9,272.4,195.12,,no
2026-08-21,Qatar-1,session_01,Qatar-1260821064815.fits,61273.284,2026-08-21T06:48:15.170-0000,100,45,yes,flip-y,9,271.78,194.7,,no
2026-08-21,Qatar-1,session_01,Qatar-1260821065115.fits,61273.286,2026-08-21T06:51:15.492-0000,100,45,yes,flip-y,10,273.0,195.78,,no
2026-08-21,Qatar-1,session_01,Qatar-1260821065415.fits,61273.288,2026-08-21T06:54:15.786-0000,100,45,yes,flip-y,10,272.83,196.11,,no
2026-08-21,Qatar-1,session_01,Qatar-1260821065715.fits,61273.29,2026-08-21T06:57:15.172-0000,100,45,yes,flip-y,9,272.97,193.98,,no
2026-08-21,Qatar-1,session_01,Qatar-1260821070015.fits,61273.292,2026-08-21T07:00:15.575-0000,100,45,yes,flip-y,10,276.67,196.3,,no
2026-08-21,Qatar-1,session_01,Qatar-1260821070315.fits,61273.294,2026-08-21T07:03:15.933-0000,100,45,yes,flip-y,10,276.46,201.77,,no
2026-08-21,Qatar-1,session_01,Qatar-1260821070616.fits,61273.296,2026-08-21T07:06:16.302-0000,100,45,yes,flip-y,10,277.31,199.62,,no
2026-08-21,Qatar-1,session_01,Qatar-1260821070915.fits,61273.298,2026-08-21T07:09:15.690-0000,100,45,yes,flip-y,10,279.21,201.61,,no
2026-08-21,Qatar-1,session_01,Qatar-1260821071216.fits,61273.3,2026-08-21T07:12:16.208-0000,100,45,yes,flip-y,9,279.04,198.85,,no
2026-08-21,Qatar-1,session_01,Qatar-1260821071515.fits,61273.302,2026-08-21T07:15:15.597-0000,100,45,yes,flip-y,10,280.83,202.59,,no
2026-08-21,Qatar-1,session_01,Qatar-1260821071817.fits,61273.304,2026-08-21T07:18:17.025-0000,100,45,yes,flip-y,10,280.38,200.76,,no
2026-08-21,Qatar-1,session_01,Qatar-1260821072115.fits,61273.306,2026-08-21T07:21:15.362-0000,100,45,yes,flip-y,10,281.17,195.48,,no
2026-08-21,Qatar-1,session_01,Qatar-1260821072415.fits,61273.309,2026-08-21T07:24:15.672-0000,100,45,yes,flip-y,10,283.44,195.37,,no
2026-08-21,Qatar-1,session_01,Qatar-1260821072717.fits,61273.311,2026-08-21T07:27:17.117-0000,100,45,yes,flip-y,10,284.51,194.76,,no
2026-08-21,Qatar-1,session_01,Qatar-1260821073015.fits,61273.313,2026-08-21T07:30:15.537-0000,100,45,yes,flip-y,10,285.84,195.85,,no
2026-08-21,Qatar-1,session_01,Qatar-1260821073316.fits,61273.315,2026-08-21T07:33:16.018-0000,100,45,yes,flip-y,10,285.86,196.8,,no
2026-08-21,Qatar-1,session_01,Qatar-1260821073615.fits,61273.317,2026-08-21T07:36:15.462-0000,100,45,yes,flip-y,9,288.97,196.16,,no
2026-08-21,Qatar-1,session_01,Qatar-1260821073916.fits,61273.319,2026-08-21T07:39:16.778-0000,100,45,yes,flip-y,10,288.97,196.48,,no
2026-08-21,Qatar-1,session_01,Qatar-1260821074217.fits,61273.321,2026-08-21T07:42:17.046-0000,100,45,yes,flip-y,10,288.72,194.54,,no
2026-08-21,Qatar-1,session_01,Qatar-1260821074515.fits,61273.323,2026-08-21T07:45:15.332-0000,100,45,yes,flip-y,9,291.11,191.76,,no
2026-08-21,Qatar-1,session_01,Qatar-1260821074815.fits,61273.325,2026-08-21T07:48:15.873-0000,100,45,yes,flip-y,10,293.91,191.86,,no
2026-08-21,Qatar-1,session_01,Qatar-1260821075115.fits,61273.327,2026-08-21T07:51:15.291-0000,100,45,yes,flip-y,10,294.47,191.5,,no
2026-08-21,Qatar-1,session_01,Qatar-1260821075415.fits,61273.329,2026-08-21T07:54:15.752-0000,100,45,yes,flip-y,10,295.43,197.68,,no
2026-08-21,Qatar-1,session_01,Qatar-1260821075715.fits,61273.331,2026-08-21T07:57:15.235-0000,100,45,yes,flip-y,9,295.35,193.64,,no
2026-08-21,Qatar-1,session_01,Qatar-1260821080016.fits,61273.334,2026-08-21T08:00:16.681-0000,100,45,yes,flip-y,10,297.4,197.47,,no
2026-08-21,Qatar-1,session_01,Qatar-1260821080316.fits,61273.336,2026-08-21T08:03:16.050-0000,100,45,yes,flip-y,10,299.0,194.79,,no
2026-08-21,Qatar-1,session_01,Qatar-1260821080615.fits,61273.338,2026-08-21T08:06:15.381-0000,100,45,yes,flip-y,10,300.67,197.76,,no
2026-08-21,Qatar-1,session_01,Qatar-1260821080916.fits,61273.34,2026-08-21T08:09:16.781-0000,100,45,yes,flip-y,10,300.33,198.35,,no
2026-08-21,Qatar-1,session_01,Qatar-1260821081215.fits,61273.342,2026-08-21T08:12:15.185-0000,100,45,yes,flip-y,10,301.93,197.73,,no
2026-08-21,Qatar-1,session_01,Qatar-1260821081515.fits,61273.344,2026-08-21T08:15:15.581-0000,100,45,yes,flip-y,10,303.93,194.81,,no
2026-08-26,TRES-5,session_01,TRES-5260826064446.fits,61278.281,2026-08-26T06:44:46.938-0000,100,45,no,,0,,,,no
2026-08-26,TRES-5,session_01,TRES-5260826064630.fits,61278.282,2026-08-26T06:46:30.182-0000,100,45,no,,0,,,,no
2026-08-26,TRES-5,session_01,TRES-5260826064815.fits,61278.284,2026-08-26T06:48:15.285-0000,100,45,yes,N-up_E-left,5,470.17,153.25,,no
2026-08-26,TRES-5,session_01,TRES-5260826065116.fits,61278.286,2026-08-26T06:51:16.826-0000,100,45,no,,0,,,,no
2026-08-26,TRES-5,session_01,TRES-5260826065416.fits,61278.288,2026-08-26T06:54:16.151-0000,100,45,yes,N-up_E-left,5,470.41,151.74,,no
2026-08-26,TRES-5,session_01,TRES-5260826065715.fits,61278.29,2026-08-26T06:57:15.561-0000,100,45,yes,N-up_E-left,5,474.48,151.24,,no
2026-08-26,TRES-5,session_01,TRES-5260826070015.fits,61278.292,2026-08-26T07:00:15.915-0000,100,45,no,,0,,,,no
2026-08-26,TRES-5,session_01,TRES-5260826070315.fits,61278.294,2026-08-26T07:03:15.462-0000,100,45,yes,flip-y,5,429.24,166.01,,no
2026-08-26,TRES-5,session_01,TRES-5260826070615.fits,61278.296,2026-08-26T07:06:15.907-0000,100,45,yes,flip-y,5,429.89,168.56,,no
2026-08-26,TRES-5,session_01,TRES-5260826070915.fits,61278.298,2026-08-26T07:09:15.178-0000,100,45,yes,N-up_E-left,5,476.61,151.35,,no
2026-08-26,TRES-5,session_01,TRES-5260826071215.fits,61278.3,2026-08-26T07:12:15.486-0000,100,45,yes,N-up_E-left,5,479.67,149.42,,no
2026-08-26,TRES-5,session_01,TRES-5260826071516.fits,61278.302,2026-08-26T07:15:16.786-0000,100,45,yes,N-up_E-left,5,477.87,148.41,,no
2026-08-26,TRES-5,session_01,TRES-5260826071816.fits,61278.304,2026-08-26T07:18:16.058-0000,100,45,yes,flip-y,5,433.97,165.15,,no
2026-08-26,TRES-5,session_01,TRES-5260826072115.fits,61278.306,2026-08-26T07:21:15.402-0000,100,45,yes,N-up_E-left,6,243.22,277.37,,no
2026-08-26,TRES-5,session_01,TRES-5260826072415.fits,61278.309,2026-08-26T07:24:15.946-0000,100,45,yes,N-up_E-left,5,242.52,276.78,,no
2026-08-26,TRES-5,session_01,TRES-5260826072716.fits,61278.311,2026-08-26T07:27:16.276-0000,100,45,yes,N-up_E-left,6,244.19,275.96,,no
2026-08-26,TRES-5,session_01,TRES-5260826073016.fits,61278.313,2026-08-26T07:30:16.840-0000,100,45,yes,N-up_E-left,5,244.24,274.26,,no
2026-08-26,TRES-5,session_01,TRES-5260826073315.fits,61278.315,2026-08-26T07:33:15.153-0000,100,45,yes,N-up_E-left,6,244.74,272.0,,no
2026-08-26,TRES-5,session_01,TRES-5260826073615.fits,61278.317,2026-08-26T07:36:15.494-0000,100,45,yes,N-up_E-left,5,290.33,223.15,,no
2026-08-26,TRES-5,session_01,TRES-5260826073915.fits,61278.319,2026-08-26T07:39:15.966-0000,100,45,yes,N-up_E-left,6,247.89,278.46,,no
2026-08-26,TRES-5,session_01,TRES-5260826074215.fits,61278.321,2026-08-26T07:42:15.489-0000,100,45,yes,N-up_E-left,6,250.11,276.84,,no
2026-08-26,TRES-5,session_01,TRES-5260826074516.fits,61278.323,2026-08-26T07:45:16.822-0000,100,45,yes,N-up_E-left,5,253.34,276.44,,no
2026-08-26,TRES-5,session_01,TRES-5260826074815.fits,61278.325,2026-08-26T07:48:15.159-0000,100,45,no,,0,,,,no
2026-08-26,TRES-5,session_01,TRES-5260826075115.fits,61278.327,2026-08-26T07:51:15.531-0000,100,45,yes,N-up_E-left,5,253.8,274.12,,no
2026-08-26,TRES-5,session_01,TRES-5260826075416.fits,61278.329,2026-08-26T07:54:16.985-0000,100,45,yes,N-up_E-left,6,255.02,273.1,,no
2026-08-26,TRES-5,session_01,TRES-5260826075716.fits,61278.331,2026-08-26T07:57:16.437-0000,100,45,no,,0,,,,no
2026-08-26,TRES-5,session_01,TRES-5260826080015.fits,61278.334,2026-08-26T08:00:15.998-0000,100,45,yes,N-up_E-left,6,297.17,329.38,,no
2026-08-26,TRES-5,session_01,TRES-5260826080315.fits,61278.336,2026-08-26T08:03:15.405-0000,100,45,no,,0,,,,no
2026-08-26,TRES-5,session_01,TRES-5260826080615.fits,61278.338,2026-08-26T08:06:15.786-0000,100,45,no,,0,,,,no
2026-08-26,TRES-5,session_01,TRES-5260826080916.fits,61278.34,2026-08-26T08:09:16.034-0000,100,45,yes,flip-y,6,304.78,161.47,,no
2026-08-26,TRES-5,session_01,TRES-5260826081215.fits,61278.342,2026-08-26T08:12:15.515-0000,100,45,yes,N-up_E-left,6,302.77,333.72,,no
2026-08-26,TRES-5,session_01,TRES-5260826081516.fits,61278.344,2026-08-26T08:15:16.870-0000,100,45,no,,0,,,,no
2026-08-26,TRES-5,session_01,TRES-5260826081815.fits,61278.346,2026-08-26T08:18:15.252-0000,100,45,yes,N-up_E-left,5,305.43,333.56,,no
2026-08-26,TRES-5,session_01,TRES-5260826082115.fits,61278.348,2026-08-26T08:21:15.808-0000,100,45,yes,N-up_E-left,6,308.78,334.05,,no
2026-08-26,TRES-5,session_01,TRES-5260826082415.fits,61278.35,2026-08-26T08:24:15.183-0000,100,45,yes,N-up_E-left,6,308.57,333.18,,no
2026-08-26,TRES-5,session_01,TRES-5260826082715.fits,61278.352,2026-08-26T08:27:15.586-0000,100,45,yes,N-up_E-left,6,310.33,336.04,,no
2026-08-26,TRES-5,session_01,TRES-5260826083015.fits,61278.354,2026-08-26T08:30:15.930-0000,100,45,yes,N-up_E-left,6,310.52,333.62,,no
2026-08-26,TRES-5,session_01,TRES-5260826083316.fits,61278.356,2026-08-26T08:33:16.321-0000,100,45,yes,N-up_E-left,6,311.55,333.96,,no
2026-08-26,TRES-5,session_01,TRES-5260826083616.fits,61278.359,2026-08-26T08:36:16.690-0000,100,45,yes,N-up_E-left,5,274.42,274.46,,no
2026-08-26,TRES-5,session_01,TRES-5260826083915.fits,61278.361,2026-08-26T08:39:15.949-0000,100,45,yes,N-up_E-left,6,318.53,328.46,,no
2026-08-26,TRES-5,session_01,TRES-5260826084215.fits,61278.363,2026-08-26T08:42:15.381-0000,100,45,yes,flip-y,7,319.77,158.72,,no
2026-08-26,TRES-5,session_01,TRES-5260826084515.fits,61278.365,2026-08-26T08:45:15.749-0000,100,45,yes,N-up_E-left,6,319.46,333.7,,no
2026-08-26,TRES-5,session_01,TRES-5260826084816.fits,61278.367,2026-08-26T08:48:16.157-0000,100,45,yes,flip-y,7,322.57,156.88,,no
2026-08-26,TRES-5,session_01,TRES-5260826085116.fits,61278.369,2026-08-26T08:51:16.477-0000,100,45,yes,N-up_E-left,7,322.2,331.46,,no
2026-08-26,TRES-5,session_01,TRES-5260826085417.fits,61278.371,2026-08-26T08:54:17.089-0000,100,45,yes,N-up_E-left,7,321.53,330.62,,no
2026-08-26,TRES-5,session_01,TRES-5260826085715.fits,61278.373,2026-08-26T08:57:15.521-0000,100,45,yes,N-up_E-left,7,324.41,329.99,,no
2026-08-26,TRES-5,session_01,TRES-5260826090015.fits,61278.375,2026-08-26T09:00:15.978-0000,100,45,yes,flip-y,13,332.46,155.93,,no
2026-08-26,TRES-5,session_01,TRES-5260826090315.fits,61278.377,2026-08-26T09:03:15.330-0000,100,45,yes,flip-y,12,335.25,153.63,,no
2026-08-26,TRES-5,session_01,TRES-5260826090615.fits,61278.379,2026-08-26T09:06:15.712-0000,100,45,yes,flip-y,7,331.57,155.47,,no
2026-08-26,TRES-5,session_01,TRES-5260826090916.fits,61278.381,2026-08-26T09:09:16.026-0000,100,45,yes,flip-y,9,332.52,153.7,,no
2026-08-26,TRES-5,session_01,TRES-5260826091215.fits,61278.384,2026-08-26T09:12:15.469-0000,100,45,yes,flip-y,16,335.29,155.77,,no
2026-08-26,TRES-5,session_01,TRES-5260826091515.fits,61278.386,2026-08-26T09:15:15.843-0000,100,45,yes,flip-y,14,337.63,154.5,,no
2026-08-26,TRES-5,session_01,TRES-5260826091815.fits,61278.388,2026-08-26T09:18:15.335-0000,100,45,yes,flip-y,15,336.88,156.14,,no
2026-08-26,TRES-5,session_01,TRES-5260826092115.fits,61278.39,2026-08-26T09:21:15.647-0000,100,45,yes,flip-y,14,339.6,155.12,,no
2026-08-26,TRES-5,session_01,TRES-5260826092415.fits,61278.392,2026-08-26T09:24:15.181-0000,100,45,yes,flip-y,15,340.56,153.04,,no
2026-08-26,TRES-5,session_01,TRES-5260826092715.fits,61278.394,2026-08-26T09:27:15.488-0000,100,45,yes,flip-y,12,344.49,157.44,,no
2026-08-26,TRES-5,session_01,TRES-5260826093016.fits,61278.396,2026-08-26T09:30:16.947-0000,100,45,yes,flip-y,14,343.93,155.9,,no
2026-08-26,TRES-5,session_01,TRES-5260826093315.fits,61278.398,2026-08-26T09:33:15.303-0000,100,45,yes,flip-y,14,345.31,155.31,,no
2026-08-26,TRES-5,session_01,TRES-5260826093615.fits,61278.4,2026-08-26T09:36:15.700-0000,100,45,yes,flip-y,15,350.09,161.5,,no
2026-08-26,TRES-5,session_01,TRES-5260826093916.fits,61278.402,2026-08-26T09:39:16.030-0000,100,45,yes,flip-y,14,347.35,156.62,,no
2026-08-26,TRES-5,session_01,TRES-5260826094215.fits,61278.404,2026-08-26T09:42:15.461-0000,100,45,yes,flip-y,14,350.63,155.97,,no
2026-08-26,TRES-5,session_01,TRES-5260826094515.fits,61278.406,2026-08-26T09:45:15.817-0000,100,45,yes,flip-y,14,353.94,153.46,,no
2026-08-26,TRES-5,session_01,TRES-5260826094816.fits,61278.409,2026-08-26T09:48:16.183-0000,100,45,yes,flip-y,14,356.37,158.32,,no
2026-08-26,TRES-5,session_01,TRES-5260826095115.fits,61278.411,2026-08-26T09:51:15.537-0000,100,45,yes,flip-y,14,358.72,157.02,,no
2026-08-26,TRES-5,session_01,TRES-5260826095415.fits,61278.413,2026-08-26T09:54:15.968-0000,100,45,yes,flip-y,14,358.91,154.87,,no
2026-08-26,TRES-5,session_01,TRES-5260826095715.fits,61278.415,2026-08-26T09:57:15.334-0000,100,45,yes,flip-y,14,360.0,153.37,,no
2026-08-26,TRES-5,session_01,TRES-5260826100015.fits,61278.417,2026-08-26T10:00:15.755-0000,100,45,yes,flip-y,14,362.9,157.01,,no
2026-08-26,TRES-5,session_01,TRES-5260826100315.fits,61278.419,2026-08-26T10:03:15.142-0000,100,45,yes,flip-y,14,366.65,157.81,,no
2026-08-26,TRES-5,session_01,TRES-5260826100615.fits,61278.421,2026-08-26T10:06:15.497-0000,100,45,yes,flip-y,14,364.22,156.74,,no
2026-08-26,TRES-5,session_01,TRES-5260826100915.fits,61278.423,2026-08-26T10:09:15.880-0000,100,45,yes,flip-y,14,366.46,162.05,,no
2026-08-26,TRES-5,session_01,TRES-5260826101215.fits,61278.425,2026-08-26T10:12:15.321-0000,100,45,yes,flip-y,14,369.12,159.0,,no
2026-08-26,TRES-5,session_01,TRES-5260826101516.fits,61278.427,2026-08-26T10:15:16.712-0000,100,45,yes,flip-y,14,370.98,155.6,,no
2026-08-26,TRES-5,session_01,TRES-5260826101817.fits,61278.429,2026-08-26T10:18:17.153-0000,100,45,yes,flip-y,16,374.64,164.71,,no
2026-08-26,TRES-5,session_01,TRES-5260826102115.fits,61278.431,2026-08-26T10:21:15.525-0000,100,45,yes,flip-y,13,372.63,160.57,,no
2026-08-27,TRES-3,session_01,TRES-3260827053937.fits,61279.236,2026-08-27T05:39:37.519-0000,100,45,no,,0,,,,no
2026-08-27,TRES-3,session_01,TRES-3260827054215.fits,61279.238,2026-08-27T05:42:15.162-0000,100,45,no,,0,,,,no
2026-08-27,TRES-3,session_01,TRES-3260827054515.fits,61279.24,2026-08-27T05:45:15.673-0000,100,45,no,,0,,,,no
2026-08-27,TRES-3,session_01,TRES-3260827054816.fits,61279.242,2026-08-27T05:48:16.323-0000,100,45,no,,0,,,,no
2026-08-27,TRES-3,session_01,TRES-3260827055115.fits,61279.244,2026-08-27T05:51:15.888-0000,100,45,no,,0,,,,no
2026-08-27,TRES-3,session_01,TRES-3260827055415.fits,61279.246,2026-08-27T05:54:15.483-0000,100,45,no,,0,,,,no
2026-08-27,TRES-3,session_01,TRES-3260827055716.fits,61279.248,2026-08-27T05:57:16.044-0000,100,45,no,,0,,,,no
2026-08-27,TRES-3,session_01,TRES-3260827060015.fits,61279.25,2026-08-27T06:00:15.701-0000,100,45,no,,0,,,,no
2026-08-27,TRES-3,session_01,TRES-3260827060315.fits,61279.252,2026-08-27T06:03:15.336-0000,100,45,no,,0,,,,no
2026-08-27,TRES-3,session_01,TRES-3260827060616.fits,61279.254,2026-08-27T06:06:16.031-0000,100,45,no,,0,,,,no
2026-08-27,TRES-3,session_01,TRES-3260827061215.fits,61279.259,2026-08-27T06:12:15.171-0000,100,45,no,,0,,,,no
2026-08-27,TRES-3,session_01,TRES-3260827061515.fits,61279.261,2026-08-27T06:15:15.652-0000,100,45,no,,0,,,,no
2026-08-27,TRES-3,session_01,TRES-3260827061815.fits,61279.263,2026-08-27T06:18:15.200-0000,100,45,no,,0,,,,no
2026-08-27,TRES-3,session_01,TRES-3260827062115.fits,61279.265,2026-08-27T06:21:15.793-0000,100,45,no,,0,,,,no
2026-08-27,TRES-3,session_01,TRES-3260827062415.fits,61279.267,2026-08-27T06:24:15.423-0000,100,45,no,,0,,,,no
2026-08-27,TRES-3,session_01,TRES-3260827062716.fits,61279.269,2026-08-27T06:27:16.076-0000,100,45,no,,0,,,,no
2026-08-27,TRES-3,session_01,TRES-3260827063015.fits,61279.271,2026-08-27T06:30:15.625-0000,100,45,no,,0,,,,no
2026-08-27,TRES-3,session_01,TRES-3260827063315.fits,61279.273,2026-08-27T06:33:15.391-0000,100,45,no,,0,,,,no
2026-08-27,TRES-3,session_01,TRES-3260827063615.fits,61279.275,2026-08-27T06:36:15.943-0000,100,45,no,,0,,,,no
2026-08-27,TRES-3,session_01,TRES-3260827063915.fits,61279.277,2026-08-27T06:39:15.557-0000,100,45,no,,0,,,,no
2026-08-27,TRES-3,session_01,TRES-3260827064215.fits,61279.279,2026-08-27T06:42:15.160-0000,100,45,no,,0,,,,no
2026-08-27,TRES-3,session_01,TRES-3260827064515.fits,61279.281,2026-08-27T06:45:15.725-0000,100,45,no,,0,,,,no
2026-08-27,TRES-3,session_01,TRES-3260827064815.fits,61279.284,2026-08-27T06:48:15.536-0000,100,45,no,,0,,,,no
2026-08-27,TRES-3,session_01,TRES-3260827065116.fits,61279.286,2026-08-27T06:51:16.121-0000,100,45,no,,0,,,,no
2026-08-27,TRES-3,session_01,TRES-3260827065416.fits,61279.288,2026-08-27T06:54:16.729-0000,100,45,no,,0,,,,no
2026-08-27,TRES-3,session_01,TRES-3260827065715.fits,61279.29,2026-08-27T06:57:15.270-0000,100,45,no,,0,,,,no
2026-08-27,TRES-3,session_01,TRES-3260827070015.fits,61279.292,2026-08-27T07:00:15.929-0000,100,45,no,,0,,,,no
2026-08-27,TRES-3,session_01,TRES-3260827070315.fits,61279.294,2026-08-27T07:03:15.517-0000,100,45,no,,0,,,,no
2026-08-27,TRES-3,session_01,TRES-3260827070615.fits,61279.296,2026-08-27T07:06:15.221-0000,100,45,no,,0,,,,no
2026-08-27,TRES-3,session_01,TRES-3260827070916.fits,61279.298,2026-08-27T07:09:16.758-0000,100,45,no,,0,,,,no
2026-08-27,TRES-3,session_01,TRES-3260827071215.fits,61279.3,2026-08-27T07:12:15.357-0000,100,45,no,,0,,,,no
2026-08-27,TRES-3,session_01,TRES-3260827071516.fits,61279.302,2026-08-27T07:15:16.088-0000,100,45,no,,0,,,,no
2026-08-27,TRES-3,session_01,TRES-3260827071816.fits,61279.304,2026-08-27T07:18:16.716-0000,100,45,no,,0,,,,no
2026-08-27,TRES-3,session_01,TRES-3260827072115.fits,61279.306,2026-08-27T07:21:15.278-0000,100,45,no,,0,,,,no
2026-08-27,TRES-3,session_01,TRES-3260827072416.fits,61279.309,2026-08-27T07:24:16.820-0000,100,45,no,,0,,,,no
2026-08-27,TRES-3,session_01,TRES-3260827072715.fits,61279.311,2026-08-27T07:27:15.337-0000,100,45,no,,0,,,,no
2026-08-27,TRES-3,session_01,TRES-3260827073015.fits,61279.313,2026-08-27T07:30:15.822-0000,100,45,no,,0,,,,no
2026-08-27,TRES-3,session_01,TRES-3260827073315.fits,61279.315,2026-08-27T07:33:15.455-0000,100,45,no,,0,,,,no
2026-08-27,TRES-3,session_01,TRES-3260827073616.fits,61279.317,2026-08-27T07:36:16.028-0000,100,45,no,,0,,,,no
2026-08-27,TRES-3,session_01,TRES-3260827073916.fits,61279.319,2026-08-27T07:39:16.621-0000,100,45,no,,0,,,,no
2026-08-27,TRES-3,session_01,TRES-3260827074215.fits,61279.321,2026-08-27T07:42:15.182-0000,100,45,no,,0,,,,no
2026-08-27,TRES-3,session_01,TRES-3260827074516.fits,61279.323,2026-08-27T07:45:16.778-0000,100,45,no,,0,,,,no
2026-08-27,TRES-3,session_01,TRES-3260827074816.fits,61279.325,2026-08-27T07:48:16.276-0000,100,45,no,,0,,,,no
2026-08-27,TRES-3,session_01,TRES-3260827075115.fits,61279.327,2026-08-27T07:51:15.866-0000,100,45,no,,0,,,,no
2026-08-27,TRES-3,session_01,TRES-3260827075415.fits,61279.329,2026-08-27T07:54:15.395-0000,100,45,no,,0,,,,no
2026-08-27,TRES-3,session_01,TRES-3260827075716.fits,61279.331,2026-08-27T07:57:16.033-0000,100,45,no,,0,,,,no
2026-08-27,TRES-3,session_01,TRES-3260827080016.fits,61279.334,2026-08-27T08:00:16.702-0000,100,45,no,,0,,,,no
2026-08-27,TRES-3,session_01,TRES-3260827080316.fits,61279.336,2026-08-27T08:03:16.278-0000,100,45,no,,0,,,,no
2026-08-27,TRES-3,session_01,TRES-3260827080615.fits,61279.338,2026-08-27T08:06:15.799-0000,100,45,no,,0,,,,no
2026-08-27,TRES-3,session_01,TRES-3260827080915.fits,61279.34,2026-08-27T08:09:15.414-0000,100,45,yes,flip-y,11,305.97,190.12,,no
2026-08-27,TRES-3,session_01,TRES-3260827081216.fits,61279.342,2026-08-27T08:12:16.057-0000,100,45,yes,flip-y,11,302.65,198.79,,no
2026-08-27,TRES-3,session_01,TRES-3260827081515.fits,61279.344,2026-08-27T08:15:15.700-0000,100,45,yes,flip-y,15,305.32,194.6,,no
2026-08-27,TRES-3,session_01,TRES-3260827081815.fits,61279.346,2026-08-27T08:18:15.294-0000,100,45,yes,flip-y,16,305.82,192.12,,no
2026-08-27,TRES-3,session_01,TRES-3260827082115.fits,61279.348,2026-08-27T08:21:15.883-0000,100,45,yes,flip-y,16,306.1,198.27,,no
2026-08-27,TRES-3,session_01,TRES-3260827082415.fits,61279.35,2026-08-27T08:24:15.491-0000,100,45,yes,flip-y,16,308.65,196.25,,no
2026-08-27,TRES-3,session_01,TRES-3260827082716.fits,61279.352,2026-08-27T08:27:16.111-0000,100,45,yes,flip-y,15,311.12,192.81,,no
2026-08-27,TRES-3,session_01,TRES-3260827083015.fits,61279.354,2026-08-27T08:30:15.655-0000,100,45,yes,flip-y,16,313.46,196.83,,no
2026-08-27,TRES-3,session_01,TRES-3260827083315.fits,61279.356,2026-08-27T08:33:15.186-0000,100,45,yes,flip-y,14,308.76,200.88,4.25,yes
2026-08-27,TRES-3,session_01,TRES-3260827083616.fits,61279.359,2026-08-27T08:36:16.784-0000,100,45,yes,flip-y,14,316.88,201.86,,no
2026-08-27,TRES-3,session_01,TRES-3260827083915.fits,61279.361,2026-08-27T08:39:15.305-0000,100,45,yes,flip-y,13,320.21,198.25,,no
2026-08-27,TRES-3,session_01,TRES-3260827084215.fits,61279.363,2026-08-27T08:42:15.911-0000,100,45,yes,flip-y,14,319.82,194.31,,no
2026-08-29,TRES-5,session_01,TRES-5260829055250.fits,61281.245,2026-08-29T05:52:50.942-0000,94,45,yes,flip-y,13,263.22,251.17,,no
2026-08-29,TRES-5,session_01,TRES-5260829055721.fits,61281.248,2026-08-29T05:57:21.979-0000,94,45,yes,flip-y,13,258.39,210.03,,no
2026-08-29,TRES-5,session_01,TRES-5260829060207.fits,61281.251,2026-08-29T06:02:07.961-0000,99,45,yes,flip-y,13,255.49,220.97,,no
2026-08-29,TRES-5,session_01,TRES-5260829060851.fits,61281.256,2026-08-29T06:08:51.200-0000,99,45,yes,flip-y,14,259.19,202.13,,no
2026-08-29,TRES-5,session_01,TRES-5260829061035.fits,61281.257,2026-08-29T06:10:35.381-0000,99,45,yes,flip-y,14,259.64,204.48,,no
2026-08-29,TRES-5,session_01,TRES-5260829061219.fits,61281.259,2026-08-29T06:12:19.532-0000,99,45,yes,flip-y,14,260.26,204.24,,no
2026-08-29,TRES-5,session_01,TRES-5260829061402.fits,61281.26,2026-08-29T06:14:02.685-0000,99,45,yes,flip-y,14,259.58,204.5,,no
2026-08-29,TRES-5,session_01,TRES-5260829061546.fits,61281.261,2026-08-29T06:15:46.847-0000,99,45,yes,flip-y,14,262.4,203.93,,no
2026-08-29,TRES-5,session_01,TRES-5260829061815.fits,61281.263,2026-08-29T06:18:15.305-0000,99,45,yes,flip-y,14,260.5,204.9,,no
2026-08-29,TRES-5,session_01,TRES-5260829062115.fits,61281.265,2026-08-29T06:21:15.772-0000,99,45,yes,flip-y,14,263.07,203.13,,no
2026-08-29,TRES-5,session_01,TRES-5260829062415.fits,61281.267,2026-08-29T06:24:15.338-0000,99,45,yes,flip-y,14,263.37,203.0,,no
2026-08-29,TRES-5,session_01,TRES-5260829062715.fits,61281.269,2026-08-29T06:27:15.729-0000,99,45,yes,flip-y,15,264.76,201.71,,no
2026-08-29,TRES-5,session_01,TRES-5260829063015.fits,61281.271,2026-08-29T06:30:15.212-0000,99,45,yes,flip-y,14,263.36,202.71,,no
2026-08-29,TRES-5,session_01,TRES-5260829063315.fits,61281.273,2026-08-29T06:33:15.700-0000,100,45,yes,flip-y,14,262.88,201.57,,no
2026-08-29,TRES-5,session_01,TRES-5260829063616.fits,61281.275,2026-08-29T06:36:16.131-0000,100,45,yes,flip-y,14,261.76,202.23,,no
2026-08-29,TRES-5,session_01,TRES-5260829063915.fits,61281.277,2026-08-29T06:39:15.551-0000,100,45,yes,flip-y,14,263.72,201.82,,no
2026-08-29,TRES-5,session_01,TRES-5260829064216.fits,61281.279,2026-08-29T06:42:16.888-0000,100,45,yes,flip-y,14,263.21,200.79,,no
2026-08-29,TRES-5,session_01,TRES-5260829064515.fits,61281.281,2026-08-29T06:45:15.161-0000,100,45,yes,flip-y,14,264.0,200.21,,no
2026-08-29,TRES-5,session_01,TRES-5260829064815.fits,61281.284,2026-08-29T06:48:15.637-0000,100,45,yes,flip-y,15,264.51,200.12,,no
2026-08-29,TRES-5,session_01,TRES-5260829065115.fits,61281.286,2026-08-29T06:51:15.957-0000,100,45,yes,flip-y,15,267.03,198.86,,no
2026-08-29,TRES-5,session_01,TRES-5260829065415.fits,61281.288,2026-08-29T06:54:15.369-0000,100,45,yes,flip-y,14,264.94,199.79,,no
2026-08-29,TRES-5,session_01,TRES-5260829065715.fits,61281.29,2026-08-29T06:57:15.811-0000,100,45,yes,flip-y,14,265.63,198.5,,no
2026-08-29,TRES-5,session_01,TRES-5260829070015.fits,61281.292,2026-08-29T07:00:15.243-0000,100,45,yes,flip-y,14,267.48,200.28,,no
2026-08-29,TRES-5,session_01,TRES-5260829070315.fits,61281.294,2026-08-29T07:03:15.751-0000,100,45,yes,flip-y,14,268.64,200.46,,no
2026-08-29,TRES-5,session_01,TRES-5260829070615.fits,61281.296,2026-08-29T07:06:15.168-0000,100,45,yes,flip-y,14,268.2,196.74,,no
2026-08-29,TRES-5,session_01,TRES-5260829070915.fits,61281.298,2026-08-29T07:09:15.569-0000,100,45,yes,flip-y,14,269.64,194.67,,no
2026-08-29,TRES-5,session_01,TRES-5260829071215.fits,61281.3,2026-08-29T07:12:15.980-0000,100,45,yes,flip-y,14,270.3,194.81,,no
2026-08-29,TRES-5,session_01,TRES-5260829071516.fits,61281.302,2026-08-29T07:15:16.498-0000,100,45,yes,flip-y,14,273.11,195.26,,no
2026-08-29,TRES-5,session_01,TRES-5260829071815.fits,61281.304,2026-08-29T07:18:15.850-0000,100,45,yes,flip-y,14,273.09,195.23,,no
2026-08-29,TRES-5,session_01,TRES-5260829072115.fits,61281.306,2026-08-29T07:21:15.178-0000,100,45,yes,flip-y,14,272.9,195.08,,no
2026-08-29,TRES-5,session_01,TRES-5260829072415.fits,61281.309,2026-08-29T07:24:15.633-0000,100,45,yes,flip-y,14,275.49,192.86,,no
2026-08-29,TRES-5,session_01,TRES-5260829072716.fits,61281.311,2026-08-29T07:27:16.103-0000,100,45,yes,flip-y,14,275.64,198.8,,no
2026-08-29,TRES-5,session_01,TRES-5260829073016.fits,61281.313,2026-08-29T07:30:16.518-0000,100,45,yes,flip-y,14,277.2,197.12,,no
2026-08-29,TRES-5,session_01,TRES-5260829073315.fits,61281.315,2026-08-29T07:33:15.964-0000,100,45,yes,flip-y,14,276.7,195.09,,no
2026-08-29,TRES-5,session_01,TRES-5260829073615.fits,61281.317,2026-08-29T07:36:15.339-0000,100,45,yes,flip-y,14,278.8,196.3,,no
2026-08-29,TRES-5,session_01,TRES-5260829073915.fits,61281.319,2026-08-29T07:39:15.722-0000,100,45,yes,flip-y,14,281.2,194.11,,no
2026-08-29,TRES-5,session_01,TRES-5260829074217.fits,61281.321,2026-08-29T07:42:17.091-0000,100,45,yes,flip-y,14,279.68,193.98,,no
2026-08-29,TRES-5,session_01,TRES-5260829074515.fits,61281.323,2026-08-29T07:45:15.537-0000,100,45,yes,flip-y,15,282.15,193.65,,no
2026-08-29,TRES-5,session_01,TRES-5260829074815.fits,61281.325,2026-08-29T07:48:15.862-0000,100,45,yes,flip-y,14,284.23,192.45,,no
2026-08-29,TRES-5,session_01,TRES-5260829075115.fits,61281.327,2026-08-29T07:51:15.293-0000,100,45,yes,flip-y,14,283.55,191.14,,no
2026-08-29,TRES-5,session_01,TRES-5260829075415.fits,61281.329,2026-08-29T07:54:15.677-0000,100,45,yes,flip-y,14,285.54,197.34,,no
2026-08-29,TRES-5,session_01,TRES-5260829075716.fits,61281.331,2026-08-29T07:57:16.066-0000,100,45,yes,flip-y,14,285.31,196.97,,no
2026-08-29,TRES-5,session_01,TRES-5260829080015.fits,61281.334,2026-08-29T08:00:15.420-0000,100,45,yes,flip-y,14,286.73,195.84,,no
2026-08-29,TRES-5,session_01,TRES-5260829080315.fits,61281.336,2026-08-29T08:03:15.854-0000,100,45,yes,flip-y,14,289.9,197.84,,no
2026-08-29,TRES-5,session_01,TRES-5260829080615.fits,61281.338,2026-08-29T08:06:15.282-0000,100,45,yes,flip-y,14,290.8,197.2,,no
2026-08-29,TRES-5,session_01,TRES-5260829080915.fits,61281.34,2026-08-29T08:09:15.663-0000,100,45,yes,flip-y,15,290.22,192.22,,no
2026-08-29,TRES-5,session_01,TRES-5260829081216.fits,61281.342,2026-08-29T08:12:16.129-0000,100,45,yes,flip-y,14,290.8,194.27,,no
2026-08-29,TRES-5,session_01,TRES-5260829081515.fits,61281.344,2026-08-29T08:15:15.528-0000,100,45,yes,flip-y,14,294.34,196.74,,no
2026-08-29,TRES-5,session_01,TRES-5260829081815.fits,61281.346,2026-08-29T08:18:15.920-0000,100,45,yes,flip-y,15,295.04,199.1,,no
2026-08-29,TRES-5,session_01,TRES-5260829082115.fits,61281.348,2026-08-29T08:21:15.467-0000,100,45,yes,flip-y,15,295.92,196.93,,no
2026-08-29,TRES-5,session_01,TRES-5260829082415.fits,61281.35,2026-08-29T08:24:15.856-0000,100,45,yes,flip-y,15,297.54,195.92,,no
2026-08-29,TRES-5,session_01,TRES-5260829082715.fits,61281.352,2026-08-29T08:27:15.404-0000,100,45,yes,flip-y,15,300.48,195.7,,no
2026-08-29,TRES-5,session_01,TRES-5260829083016.fits,61281.354,2026-08-29T08:30:16.906-0000,100,45,yes,flip-y,14,300.05,193.76,,no
2026-08-29,TRES-5,session_01,TRES-5260829083315.fits,61281.356,2026-08-29T08:33:15.277-0000,100,45,yes,flip-y,15,299.35,199.8,,no
2026-08-29,TRES-5,session_01,TRES-5260829083615.fits,61281.359,2026-08-29T08:36:15.754-0000,100,45,yes,flip-y,14,303.0,198.99,,no
2026-08-29,TRES-5,session_01,TRES-5260829083915.fits,61281.361,2026-08-29T08:39:15.249-0000,100,45,yes,flip-y,14,303.7,197.55,,no
2026-08-29,TRES-5,session_01,TRES-5260829084215.fits,61281.363,2026-08-29T08:42:15.643-0000,100,45,yes,flip-y,15,305.63,197.24,,no
2026-08-29,TRES-5,session_01,TRES-5260829084516.fits,61281.365,2026-08-29T08:45:16.078-0000,100,45,yes,flip-y,14,306.12,193.89,,no
2026-08-29,TRES-5,session_01,TRES-5260829084815.fits,61281.367,2026-08-29T08:48:15.461-0000,100,45,yes,flip-y,14,307.58,199.47,,no
2026-08-29,TRES-5,session_01,TRES-5260829085115.fits,61281.369,2026-08-29T08:51:15.906-0000,100,45,yes,flip-y,14,311.54,197.96,,no
2026-08-29,TRES-5,session_01,TRES-5260829085415.fits,61281.371,2026-08-29T08:54:15.345-0000,100,45,yes,flip-y,14,311.92,200.93,,no
2026-08-29,TRES-5,session_01,TRES-5260829085715.fits,61281.373,2026-08-29T08:57:15.871-0000,100,45,yes,flip-y,14,311.23,198.93,,no
2026-08-29,TRES-5,session_01,TRES-5260829090015.fits,61281.375,2026-08-29T09:00:15.275-0000,100,45,yes,flip-y,14,311.86,205.58,,no
2026-08-29,TRES-5,session_01,TRES-5260829090315.fits,61281.377,2026-08-29T09:03:15.642-0000,100,45,yes,flip-y,14,315.5,203.08,,no
2026-08-29,TRES-5,session_01,TRES-5260829090617.fits,61281.379,2026-08-29T09:06:17.119-0000,100,45,yes,flip-y,14,315.83,201.18,,no
2026-08-29,TRES-5,session_01,TRES-5260829090915.fits,61281.381,2026-08-29T09:09:15.603-0000,100,45,yes,flip-y,14,317.11,200.66,,no
2026-08-29,TRES-5,session_01,TRES-5260829091216.fits,61281.384,2026-08-29T09:12:16.082-0000,100,45,yes,flip-y,14,316.98,197.41,,no
2026-08-29,TRES-5,session_01,TRES-5260829091516.fits,61281.386,2026-08-29T09:15:16.553-0000,100,45,yes,flip-y,14,321.38,204.42,,no
2026-08-29,TRES-5,session_01,TRES-5260829091817.fits,61281.388,2026-08-29T09:18:17.035-0000,100,45,yes,flip-y,14,322.01,205.42,,no
2026-08-29,TRES-5,session_01,TRES-5260829092115.fits,61281.39,2026-08-29T09:21:15.391-0000,100,45,yes,flip-y,14,321.65,204.54,,no
2026-08-29,TRES-5,session_01,TRES-5260829092415.fits,61281.392,2026-08-29T09:24:15.733-0000,100,45,yes,flip-y,14,324.34,206.37,,no
2026-08-29,TRES-5,session_01,TRES-5260829092716.fits,61281.394,2026-08-29T09:27:16.120-0000,100,45,yes,flip-y,14,326.16,204.52,,no
2026-08-29,TRES-5,session_01,TRES-5260829093015.fits,61281.396,2026-08-29T09:30:15.547-0000,100,45,yes,flip-y,14,327.38,202.02,,no
