file,mjd_obs,ut_time,x,y,weather,target_flux,ensemble_flux,rel_flux,check_flux,status,used,comp10_flux,comp12_flux
Qatar-1260818082449.fits,61270.351,08:25:26,322.8,159.37,100,1407.8,,,,position,no,,
Qatar-1260818082715.fits,61270.352,08:26:52,332.89,149.1,100,32.3,17583.6,0.536,1.0031,ok,yes,8316.3,9267.3
Qatar-1260818083016.fits,61270.354,08:29:45,334.42,152.85,100,59.9,17516.7,1.0868,0.991,ok,yes,8250.1,9266.6
Qatar-1260818083316.fits,61270.356,08:32:38,336.02,155.81,100,62.3,,,,no_flux,no,,9217.0
Qatar-1260818083615.fits,61270.359,08:36:57,339.14,154.64,100,32.3,17404.9,0.5968,1.0026,ok,yes,8260.7,9144.2
Qatar-1260818083916.fits,61270.361,08:39:50,340.27,154.19,100,51.8,17533.4,0.9324,0.994,ok,yes,8283.4,9250.0
Qatar-1260818084515.fits,61270.365,08:45:36,344.3,151.57,100,63.9,17414.2,1.0546,0.9996,ok,yes,8244.3,9170.0
Qatar-1260818085115.fits,61270.369,08:51:21,345.59,153.88,100,82.7,17490.0,1.4255,1.0013,ok,yes,8299.0,9191.0
Qatar-1260818090316.fits,61270.377,09:02:52,351.27,151.7,100,45.3,17474.6,0.7139,1.0093,ok,yes,8322.7,9152.0
Qatar-1260818090915.fits,61270.381,09:08:38,342.69,154.5,100,1405.3,,,,position,no,,
Qatar-1260818091215.fits,61270.384,09:12:57,355.28,153.94,100,79.2,17240.9,1.3006,0.9981,ok,yes,8177.7,9063.2
Qatar-1260818091515.fits,61270.386,09:15:50,355.77,152.48,100,77.3,17183.6,1.2268,1.0004,ok,yes,8154.4,9029.2
Qatar-1260818091816.fits,61270.388,09:18:43,358.11,150.31,100,63.1,17250.8,0.9381,1.005,ok,yes,8198.9,9051.8
Qatar-1260818092117.fits,61270.39,09:21:36,358.17,148.66,100,92.4,17333.9,1.3202,1.0056,ok,yes,8233.7,9100.1
Qatar-1260818092415.fits,61270.392,09:24:28,358.74,153.42,100,70.7,17067.1,1.1335,0.9979,ok,yes,8095.6,8971.5
Qatar-1260818093015.fits,61270.396,09:30:14,362.49,150.86,100,43.8,17187.2,0.6446,0.9823,ok,yes,8077.8,9109.4
Qatar-1260818093316.fits,61270.398,09:33:07,361.3,149.67,100,82.4,17257.7,1.1851,1.0171,ok,yes,8254.3,9003.4
Qatar-1260818094216.fits,61270.404,09:41:45,366.71,151.46,100,92.7,17203.8,1.3458,1.005,ok,yes,8190.7,9013.1
Qatar-1260818094516.fits,61270.406,09:44:38,365.88,154.31,100,36.5,16958.1,0.5743,0.9787,ok,yes,7973.0,8985.1
Qatar-1260818095116.fits,61270.411,09:51:50,371.3,154.54,100,63.4,17000.2,0.9688,0.988,ok,yes,8039.5,8960.8
Qatar-1260818095416.fits,61270.413,09:54:43,371.69,158.05,100,33.1,17008.2,0.5449,0.9855,ok,yes,8048.0,8960.2
Qatar-1260818095715.fits,61270.415,09:57:36,372.36,157.24,100,63.9,16821.5,1.0404,1.0068,ok,yes,8046.5,8775.0
Qatar-1260818100015.fits,61270.417,10:00:28,375.2,158.14,100,74.6,16633.4,1.2326,0.9875,ok,yes,7882.6,8750.8
Qatar-1260818100315.fits,61270.419,10:03:21,375.73,157.23,100,68.2,16720.5,1.0935,0.9997,outlier,no,7971.7,8748.7
Qatar-1260818100616.fits,61270.421,10:06:14,378.06,153.21,100,43.1,16872.6,0.6199,1.0171,ok,yes,8102.2,8770.4
Qatar-1260818100915.fits,61270.423,10:09:07,377.71,155.48,100,42.9,16725.4,0.655,1.0,ok,yes,7970.1,8755.3
Qatar-1260818101215.fits,61270.425,10:12:00,380.01,161.48,100,36.8,16515.5,0.6416,0.982,ok,yes,7822.5,8693.0
Qatar-1260818101515.fits,61270.427,10:14:52,384.6,158.3,100,35.7,16601.9,0.5592,1.003,ok,yes,7942.3,8659.5
Qatar-1260818101817.fits,61270.429,10:17:45,385.52,156.01,100,15.5,16556.7,0.2304,0.9997,ok,yes,7898.4,8658.3
Qatar-1260818102115.fits,61270.431,10:20:38,385.85,156.08,100,77.1,16686.8,1.1387,1.0115,ok,yes,8010.0,8676.7
Qatar-1260818102415.fits,61270.434,10:24:57,387.99,159.65,100,68.8,16494.7,1.0955,1.0002,ok,yes,7888.7,8606.0
Qatar-1260818102716.fits,61270.436,10:27:50,389.69,158.75,100,63.1,16563.1,0.9714,0.9935,ok,yes,7891.4,8671.8
Qatar-1260818103315.fits,61270.44,10:33:36,392.09,163.48,100,55.1,16351.5,0.9398,0.9967,ok,yes,7825.2,8526.3
Qatar-1260818103916.fits,61270.444,10:39:21,394.89,159.78,100,45.7,16284.2,0.7096,1.0006,ok,yes,7796.7,8487.5
Qatar-1260818104515.fits,61270.448,10:45:07,398.22,164.84,100,19.7,,,,no_flux,no,7813.5,
Qatar-1260818110015.fits,61270.459,11:00:57,403.61,162.89,100,52.5,16225.8,0.8295,0.9846,ok,yes,7724.5,8501.3
Qatar-1260818110316.fits,61270.461,11:03:50,405.68,166.57,100,74.8,16171.3,1.2722,0.9996,ok,yes,7776.3,8395.1
Qatar-1260818110615.fits,61270.463,11:06:43,407.38,164.41,100,77.7,15936.9,1.2642,0.9809,ok,yes,7581.5,8355.4
Qatar-1260818111215.fits,61270.467,11:12:28,410.53,168.86,100,77.4,15785.3,1.3782,0.9832,ok,yes,7539.0,8246.4
Qatar-1260818112115.fits,61270.473,11:21:07,412.33,172.07,100,56.4,15859.0,1.0671,1.0025,ok,yes,7665.6,8193.5
Qatar-1260818112715.fits,61270.477,11:26:52,416.12,175.18,100,57.7,15586.1,1.1712,0.9919,ok,yes,7507.5,8078.6
Qatar-1260818113015.fits,61270.479,11:29:45,415.66,177.49,100,32.2,15674.8,0.6945,1.0038,ok,yes,7605.4,8069.4
Qatar-1260818113315.fits,61270.481,11:32:38,418.28,175.46,100,15.0,15438.4,0.3051,0.9912,outlier,no,7436.7,8001.6
Qatar-1260818113615.fits,61270.484,11:36:57,418.87,173.25,100,52.9,15632.6,1.0,1.0068,ok,yes,7583.3,8049.3
Qatar-1260818113916.fits,61270.486,11:39:50,420.25,175.98,100,49.6,15294.8,1.0174,1.0091,ok,yes,7439.6,7855.2
Qatar-1260818114215.fits,61270.488,11:42:43,420.8,175.91,100,63.0,15452.2,1.2701,1.0167,ok,yes,7545.3,7906.9
Qatar-1260818114516.fits,61270.49,11:45:36,420.27,184.33,100,28.9,15147.6,0.7642,1.0034,outlier,no,7377.5,7770.1
