file,mjd_obs,ut_time,x,y,weather,target_flux,ensemble_flux,rel_flux,check_flux,status,used,comp4_flux,comp10_flux,comp13_flux,comp14_flux
TRES-5260829055250.fits,61281.245,05:52:48,260.62,252.17,94,512.5,87661.5,0.8848,0.9321,position,no,35146.1,19293.8,16566.8,16654.8
TRES-5260829055721.fits,61281.248,05:57:07,256.09,211.19,94,488.2,86167.1,0.9544,0.9967,ok,yes,34661.3,18949.0,16238.1,16318.7
TRES-5260829060207.fits,61281.251,06:01:26,252.86,222.06,99,549.1,88714.4,1.0074,0.969,position,no,35495.2,19584.0,16790.7,16844.4
TRES-5260829060851.fits,61281.256,06:08:38,256.64,203.49,99,516.7,87803.7,1.0143,0.9983,outlier,no,35084.0,19423.2,16670.5,16625.9
TRES-5260829061035.fits,61281.257,06:10:04,257.34,205.65,99,486.0,88007.3,0.9466,0.971,ok,yes,34647.3,19574.4,16850.1,16935.5
TRES-5260829061219.fits,61281.259,06:12:57,257.61,205.49,99,555.1,88878.9,1.0715,0.986,ok,yes,35306.0,19579.5,16986.5,17006.9
TRES-5260829061402.fits,61281.26,06:14:24,257.61,205.66,99,489.1,88177.8,0.9511,0.9862,ok,yes,35037.3,19453.2,16896.9,16790.4
TRES-5260829061546.fits,61281.261,06:15:50,259.77,205.28,99,505.8,87298.9,0.997,0.9933,ok,yes,34797.9,19129.0,16659.0,16713.0
TRES-5260829061815.fits,61281.263,06:18:43,257.88,206.27,99,540.0,88028.0,1.0503,1.0033,ok,yes,35359.1,19326.5,16644.0,16698.4
TRES-5260829062115.fits,61281.265,06:21:36,260.38,204.34,99,529.4,88046.9,1.0382,0.993,ok,yes,35050.5,19471.3,16688.7,16836.4
TRES-5260829062415.fits,61281.267,06:24:28,260.68,204.33,99,538.0,88254.6,1.053,1.0166,ok,yes,35628.0,19253.6,16613.3,16759.8
TRES-5260829062715.fits,61281.269,06:27:21,262.7,202.79,99,483.7,86495.1,0.9728,1.028,ok,yes,35070.7,18765.3,16274.3,16384.7
TRES-5260829063015.fits,61281.271,06:30:14,260.7,203.99,99,532.7,89630.2,1.0277,1.0369,ok,yes,36598.0,19516.9,16672.2,16843.1
TRES-5260829063315.fits,61281.273,06:33:07,260.68,202.99,100,492.9,88883.1,0.9618,1.0208,ok,yes,35921.5,19231.7,16876.2,16853.7
TRES-5260829063616.fits,61281.275,06:36:00,259.53,203.36,100,491.5,87132.6,0.9759,1.0094,ok,yes,35006.5,18997.1,16554.2,16574.8
TRES-5260829063915.fits,61281.277,06:38:52,261.72,203.04,100,463.8,88172.2,0.9133,1.0435,ok,yes,36091.6,19066.2,16520.6,16493.8
TRES-5260829064216.fits,61281.279,06:41:45,260.56,202.0,100,523.6,89399.2,1.0186,1.0168,outlier,no,36013.3,19493.6,16822.1,17070.2
TRES-5260829064515.fits,61281.281,06:44:38,261.38,201.33,100,520.8,88106.2,1.031,0.9735,ok,yes,34540.0,19624.7,16957.2,16984.3
TRES-5260829064815.fits,61281.284,06:48:57,262.59,201.22,100,476.8,87089.5,0.9566,1.0079,ok,yes,34847.2,18981.0,16614.5,16646.9
TRES-5260829065115.fits,61281.286,06:51:50,264.95,199.86,100,484.0,87326.8,0.975,1.0592,ok,yes,35909.0,18735.1,16312.7,16370.1
TRES-5260829065415.fits,61281.288,06:54:43,262.52,200.98,100,500.1,88689.4,0.986,1.012,ok,yes,35565.8,19478.1,16811.1,16834.4
TRES-5260829065715.fits,61281.29,06:57:36,263.78,199.58,100,434.1,87236.6,0.8751,1.0342,outlier,no,35373.7,18809.0,16657.0,16397.0
TRES-5260829070015.fits,61281.292,07:00:28,264.54,201.33,100,497.0,86923.8,1.001,0.9517,ok,yes,33569.7,19548.5,16923.3,16882.4
TRES-5260829070315.fits,61281.294,07:03:21,266.69,201.43,100,429.7,85820.5,0.8785,1.0312,ok,yes,34766.0,18506.7,16287.3,16260.5
TRES-5260829070615.fits,61281.296,07:06:14,265.97,197.95,100,513.8,85824.0,1.0607,1.0272,ok,yes,34578.6,18777.1,16224.6,16243.6
TRES-5260829070915.fits,61281.298,07:09:07,267.66,196.0,100,454.2,86627.7,0.9362,0.9539,ok,yes,33282.6,19604.8,16896.5,16843.9
TRES-5260829071215.fits,61281.3,07:12:00,267.81,195.91,100,505.1,87062.4,1.0366,0.9962,ok,yes,34344.0,19453.8,16685.6,16579.1
TRES-5260829071516.fits,61281.302,07:14:52,270.62,196.21,100,498.7,86316.7,1.0348,1.0011,ok,yes,34126.3,19139.3,16581.5,16469.6
TRES-5260829071815.fits,61281.304,07:17:45,270.36,196.31,100,510.9,85567.6,1.0687,0.9678,ok,yes,33146.9,19252.6,16685.0,16483.1
TRES-5260829072115.fits,61281.306,07:20:38,270.59,196.21,100,479.4,86059.5,0.9978,1.0091,ok,yes,34189.3,18892.7,16626.1,16351.4
TRES-5260829072415.fits,61281.309,07:24:57,272.87,193.83,100,505.1,86669.1,1.0544,0.9884,ok,yes,33890.2,19401.9,16713.6,16663.4
TRES-5260829072716.fits,61281.311,07:27:50,273.77,199.85,100,425.5,85425.3,0.8855,0.9624,ok,yes,33054.7,19151.6,16465.4,16753.6
TRES-5260829073016.fits,61281.313,07:30:43,274.43,197.98,100,488.6,85794.5,1.0191,0.9659,ok,yes,33201.1,19300.4,16700.8,16592.1
TRES-5260829073315.fits,61281.315,07:33:36,274.77,196.07,100,433.6,86826.7,0.8993,0.9907,ok,yes,34054.3,19421.9,16574.1,16776.4
TRES-5260829073615.fits,61281.317,07:36:28,276.57,197.31,100,456.3,84821.5,0.9672,0.9511,ok,yes,32465.4,19218.8,16647.0,16490.3
TRES-5260829073915.fits,61281.319,07:39:21,278.63,194.91,100,483.6,85909.8,1.0222,1.0371,ok,yes,34546.8,18689.0,16492.9,16181.1
TRES-5260829074217.fits,61281.321,07:42:14,277.8,195.07,100,433.5,85566.1,0.9185,1.0147,ok,yes,33977.2,18804.6,16458.9,16325.3
TRES-5260829074515.fits,61281.323,07:45:07,279.93,194.71,100,468.9,85323.1,1.0,0.9847,ok,yes,33230.5,19100.9,16546.4,16445.3
TRES-5260829074815.fits,61281.325,07:48:00,281.5,193.52,100,481.6,85032.9,1.0365,1.0143,ok,yes,33657.5,18926.0,16204.1,16245.2
TRES-5260829075115.fits,61281.327,07:50:52,281.49,192.2,100,420.1,84401.6,0.9147,1.0116,ok,yes,33310.4,18780.0,16111.3,16199.9
TRES-5260829075415.fits,61281.329,07:53:45,283.55,198.21,100,437.9,84507.6,0.9369,0.971,ok,yes,32705.2,19157.9,16259.9,16384.6
TRES-5260829075716.fits,61281.331,07:56:38,283.0,197.78,100,489.6,84114.5,1.0531,1.0324,outlier,no,33777.5,18489.9,15919.0,15928.2
TRES-5260829080015.fits,61281.334,08:00:57,284.93,196.84,100,440.6,84396.2,0.9494,1.0564,ok,yes,34301.9,18354.6,15936.3,15803.4
TRES-5260829080315.fits,61281.336,08:03:50,287.97,198.8,100,430.9,84669.9,0.9233,0.9852,ok,yes,33026.0,18821.1,16494.4,16328.4
TRES-5260829080615.fits,61281.338,08:06:43,288.5,198.1,100,459.7,84841.6,0.9859,0.9894,ok,yes,33148.0,19059.5,16250.0,16384.2
TRES-5260829080915.fits,61281.34,08:09:36,287.9,192.9,100,474.6,85332.8,1.0279,1.022,ok,yes,33829.9,19018.7,16250.9,16233.3
TRES-5260829081216.fits,61281.342,08:12:28,288.66,195.09,100,448.9,84454.3,0.9765,0.9839,ok,yes,32782.5,18975.6,16365.8,16330.5
TRES-5260829081515.fits,61281.344,08:15:21,291.82,197.73,100,474.0,83466.8,1.0386,1.0091,ok,yes,32950.5,18529.4,16044.3,15942.8
TRES-5260829081815.fits,61281.346,08:18:14,292.34,199.93,100,497.6,84256.0,1.0736,1.0094,ok,yes,33337.0,18792.5,16059.3,16067.2
TRES-5260829082115.fits,61281.348,08:21:07,293.79,197.8,100,441.2,83599.8,0.9674,0.9966,ok,yes,32732.8,18736.2,16013.0,16117.8
TRES-5260829082415.fits,61281.35,08:24:00,295.68,196.73,100,424.5,82728.3,0.9459,0.9806,ok,yes,32015.2,18570.5,16078.4,16064.2
TRES-5260829082715.fits,61281.352,08:26:52,297.91,196.5,100,517.9,81837.8,1.1707,0.9414,ok,yes,30849.3,18721.5,16185.5,16081.6
TRES-5260829083016.fits,61281.354,08:29:45,297.89,194.68,100,463.8,83836.7,1.0292,0.99,ok,yes,32537.9,18800.0,16328.3,16170.5
TRES-5260829083315.fits,61281.356,08:32:38,296.87,200.56,100,504.4,82596.8,1.114,0.9892,ok,yes,32248.1,18527.4,15881.0,15940.3
TRES-5260829083615.fits,61281.359,08:36:57,300.71,199.89,100,423.7,83984.0,0.9266,0.9993,ok,yes,32923.1,18795.4,16100.1,16165.4
TRES-5260829083915.fits,61281.361,08:39:50,301.98,198.47,100,376.9,82310.2,0.8461,1.0349,ok,yes,32893.0,18194.4,15416.0,15806.8
TRES-5260829084215.fits,61281.363,08:42:43,303.8,197.84,100,396.2,82106.3,0.8954,1.0462,ok,yes,32984.3,17944.4,15439.9,15737.7
TRES-5260829084516.fits,61281.365,08:45:36,303.62,194.78,100,491.0,82296.4,1.1178,1.0308,ok,yes,32666.2,18167.6,15663.8,15798.8
TRES-5260829084815.fits,61281.367,08:48:28,305.93,200.18,100,321.4,81383.4,0.7293,1.0323,ok,yes,32484.2,18023.8,15462.9,15412.4
TRES-5260829085115.fits,61281.369,08:51:21,309.81,198.84,100,331.8,81953.9,0.7545,0.993,outlier,no,31859.8,18308.5,15971.7,15813.8
TRES-5260829085415.fits,61281.371,08:54:14,309.64,201.93,100,474.4,82640.8,1.0591,1.0294,ok,yes,32943.4,18217.8,15834.1,15645.5
TRES-5260829085715.fits,61281.373,08:57:07,308.71,199.78,100,466.9,81938.8,1.0574,1.007,ok,yes,32172.2,18394.3,15820.9,15551.4
TRES-5260829090015.fits,61281.375,09:00:00,310.14,206.58,100,366.1,81059.4,0.8218,1.0113,position,no,32114.4,17944.7,15483.0,15517.3
TRES-5260829090315.fits,61281.377,09:02:52,312.87,203.8,100,473.7,81212.2,1.0742,0.9685,ok,yes,31217.6,18484.0,15733.3,15777.3
TRES-5260829090617.fits,61281.379,09:05:45,313.67,201.88,100,419.0,80459.4,0.9659,1.0287,outlier,no,32011.6,17764.1,15347.0,15336.7
TRES-5260829090915.fits,61281.381,09:08:38,314.75,201.58,100,451.9,80924.7,1.0381,1.0,ok,yes,31626.6,17991.7,15680.9,15625.5
TRES-5260829091216.fits,61281.384,09:12:57,314.69,197.88,100,427.3,82355.3,0.9759,1.0327,position,no,32694.7,18281.6,15813.3,15565.6
TRES-5260829091516.fits,61281.386,09:15:50,318.8,204.99,100,486.3,82046.9,1.0954,0.9842,ok,yes,31818.6,18537.1,15856.9,15834.4
TRES-5260829091817.fits,61281.388,09:18:43,319.73,206.03,100,456.1,81861.8,1.0274,1.0451,ok,yes,32943.9,17948.2,15446.7,15523.0
TRES-5260829092115.fits,61281.39,09:21:36,320.36,205.82,100,280.9,80827.8,0.6418,1.017,outlier,no,31985.0,18006.5,15457.1,15379.2
TRES-5260829092415.fits,61281.392,09:24:28,321.56,206.93,100,486.2,81419.9,1.1007,0.9826,ok,yes,31574.9,18352.5,15892.5,15600.1
TRES-5260829092716.fits,61281.394,09:27:21,323.76,205.44,100,471.2,82082.7,1.0659,0.9759,ok,yes,31622.1,18675.1,16028.3,15757.2
TRES-5260829093015.fits,61281.396,09:30:14,324.92,202.8,100,466.6,80369.8,1.0888,0.9789,ok,yes,30922.6,18105.2,15692.6,15649.4
